[17-Oct-2024 23:37:22 America/Manaus] PHP Fatal error:  Uncaught mysqli_sql_exception: Nenhuma conexão pôde ser feita porque a máquina de destino as recusou ativamente in C:\Users\ludaf\OneDrive\Projetos\FichasOP\config\config.php:80
Stack trace:
#0 C:\Users\ludaf\OneDrive\Projetos\FichasOP\config\config.php(80): mysqli->__construct('localhost', 'root', Object(SensitiveParameterValue), 'fichasop')
#1 C:\Users\ludaf\OneDrive\Projetos\FichasOP\config\functions\functions_sistema.php(644): con()
#2 C:\Users\ludaf\OneDrive\Projetos\FichasOP\index.php(37): logar(0)
#3 {main}
  thrown in C:\Users\ludaf\OneDrive\Projetos\FichasOP\config\config.php on line 80
[17-Oct-2024 23:37:26 America/Manaus] PHP Fatal error:  Uncaught mysqli_sql_exception: Nenhuma conexão pôde ser feita porque a máquina de destino as recusou ativamente in C:\Users\ludaf\OneDrive\Projetos\FichasOP\config\config.php:80
Stack trace:
#0 C:\Users\ludaf\OneDrive\Projetos\FichasOP\config\config.php(80): mysqli->__construct('localhost', 'root', Object(SensitiveParameterValue), 'fichasop')
#1 C:\Users\ludaf\OneDrive\Projetos\FichasOP\config\functions\functions_sistema.php(644): con()
#2 C:\Users\ludaf\OneDrive\Projetos\FichasOP\index.php(37): logar(0)
#3 {main}
  thrown in C:\Users\ludaf\OneDrive\Projetos\FichasOP\config\config.php on line 80
[17-Oct-2024 23:37:43 America/Manaus] PHP Fatal error:  Uncaught Error: Failed opening required 'c:/wamp64/projetos/fichasop/pages/404.php' (include_path='.;C:\php\pear') in C:\Users\ludaf\OneDrive\Projetos\FichasOP\index.php:92
Stack trace:
#0 {main}
  thrown in C:\Users\ludaf\OneDrive\Projetos\FichasOP\index.php on line 92
[17-Oct-2024 23:37:49 America/Manaus] PHP Fatal error:  Uncaught Error: Failed opening required 'c:/wamp64/projetos/fichasop/pages/404.php' (include_path='.;C:\php\pear') in C:\Users\ludaf\OneDrive\Projetos\FichasOP\index.php:92
Stack trace:
#0 {main}
  thrown in C:\Users\ludaf\OneDrive\Projetos\FichasOP\index.php on line 92
[17-Oct-2024 23:37:50 America/Manaus] PHP Fatal error:  Uncaught Error: Failed opening required 'c:/wamp64/projetos/fichasop/pages/404.php' (include_path='.;C:\php\pear') in C:\Users\ludaf\OneDrive\Projetos\FichasOP\index.php:92
Stack trace:
#0 {main}
  thrown in C:\Users\ludaf\OneDrive\Projetos\FichasOP\index.php on line 92
[17-Oct-2024 23:37:54 America/Manaus] PHP Fatal error:  Uncaught Error: Failed opening required 'c:/wamp64/projetos/fichasop/pages/404.php' (include_path='.;C:\php\pear') in C:\Users\ludaf\OneDrive\Projetos\FichasOP\index.php:92
Stack trace:
#0 {main}
  thrown in C:\Users\ludaf\OneDrive\Projetos\FichasOP\index.php on line 92
[17-Oct-2024 23:38:08 America/Manaus] PHP Fatal error:  Uncaught Error: Failed opening required 'c:/wamp64/projetos/fichasop/pages/404.php' (include_path='.;C:\php\pear') in C:\Users\ludaf\OneDrive\Projetos\FichasOP\index.php:92
Stack trace:
#0 {main}
  thrown in C:\Users\ludaf\OneDrive\Projetos\FichasOP\index.php on line 92
[17-Oct-2024 23:39:03 America/Manaus] PHP Fatal error:  Uncaught Error: Failed opening required 'c:/wamp64/projetos/fichasop/pages/404.php' (include_path='.;C:\php\pear') in C:\Users\ludaf\OneDrive\Projetos\FichasOP\index.php:92
Stack trace:
#0 {main}
  thrown in C:\Users\ludaf\OneDrive\Projetos\FichasOP\index.php on line 92
[17-Oct-2024 23:39:04 America/Manaus] PHP Fatal error:  Uncaught Error: Failed opening required 'c:/wamp64/projetos/fichasop/pages/404.php' (include_path='.;C:\php\pear') in C:\Users\ludaf\OneDrive\Projetos\FichasOP\index.php:92
Stack trace:
#0 {main}
  thrown in C:\Users\ludaf\OneDrive\Projetos\FichasOP\index.php on line 92
[17-Oct-2024 23:39:13 America/Manaus] PHP Fatal error:  Uncaught Error: Failed opening required 'c:/wamp64/projetos/fichasop/pages/404.php' (include_path='.;C:\php\pear') in C:\Users\ludaf\OneDrive\Projetos\FichasOP\index.php:92
Stack trace:
#0 {main}
  thrown in C:\Users\ludaf\OneDrive\Projetos\FichasOP\index.php on line 92
[17-Oct-2024 23:41:34 America/Manaus] PHP Fatal error:  Uncaught Error: Failed opening required 'c:/wamp64/projetos/fichasop/pages/404.php' (include_path='.;C:\php\pear') in C:\Users\ludaf\OneDrive\Projetos\FichasOP\index.php:92
Stack trace:
#0 {main}
  thrown in C:\Users\ludaf\OneDrive\Projetos\FichasOP\index.php on line 92
[17-Oct-2024 23:41:39 America/Manaus] PHP Fatal error:  Uncaught Error: Failed opening required 'c:/wamp64/projetos/fichasop/pages/404.php' (include_path='.;C:\php\pear') in C:\Users\ludaf\OneDrive\Projetos\FichasOP\index.php:92
Stack trace:
#0 {main}
  thrown in C:\Users\ludaf\OneDrive\Projetos\FichasOP\index.php on line 92
[17-Oct-2024 23:41:51 America/Manaus] PHP Fatal error:  Uncaught Error: Failed opening required 'c:/wamp64/projetos/fichasop/pages/404.php' (include_path='.;C:\php\pear') in C:\Users\ludaf\OneDrive\Projetos\FichasOP\index.php:92
Stack trace:
#0 {main}
  thrown in C:\Users\ludaf\OneDrive\Projetos\FichasOP\index.php on line 92
[17-Oct-2024 23:41:56 America/Manaus] PHP Fatal error:  Uncaught Error: Failed opening required 'c:/wamp64/projetos/fichasop/pages/404.php' (include_path='.;C:\php\pear') in C:\Users\ludaf\OneDrive\Projetos\FichasOP\index.php:92
Stack trace:
#0 {main}
  thrown in C:\Users\ludaf\OneDrive\Projetos\FichasOP\index.php on line 92
[17-Oct-2024 23:44:58 America/Manaus] PHP Fatal error:  Uncaught Error: Failed opening required 'c:/wamp64/projetos/fichasop/pages/404.php' (include_path='.;C:\php\pear') in C:\Users\ludaf\OneDrive\Projetos\FichasOP\index.php:92
Stack trace:
#0 {main}
  thrown in C:\Users\ludaf\OneDrive\Projetos\FichasOP\index.php on line 92
[17-Oct-2024 23:52:47 America/Manaus] PHP Fatal error:  Uncaught Error: Failed opening required 'c:/wamp64/projetos/fichasop/pages/404.php' (include_path='.;C:\php\pear') in C:\Users\ludaf\OneDrive\Projetos\FichasOP\index.php:92
Stack trace:
#0 {main}
  thrown in C:\Users\ludaf\OneDrive\Projetos\FichasOP\index.php on line 92
[17-Oct-2024 23:53:06 America/Manaus] PHP Fatal error:  Uncaught Error: Failed opening required 'c:/wamp64/projetos/fichasop/pages/404.php' (include_path='.;C:\php\pear') in C:\Users\ludaf\OneDrive\Projetos\FichasOP\index.php:92
Stack trace:
#0 {main}
  thrown in C:\Users\ludaf\OneDrive\Projetos\FichasOP\index.php on line 92
[17-Oct-2024 23:53:16 America/Manaus] PHP Fatal error:  Uncaught Error: Failed opening required 'c:/wamp64/projetos/fichasop/pages/404.php' (include_path='.;C:\php\pear') in C:\Users\ludaf\OneDrive\Projetos\FichasOP\index.php:92
Stack trace:
#0 {main}
  thrown in C:\Users\ludaf\OneDrive\Projetos\FichasOP\index.php on line 92
[17-Oct-2024 23:53:24 America/Manaus] PHP Fatal error:  Uncaught Error: Failed opening required 'c:/wamp64/projetos/fichasop/pages/404.php' (include_path='.;C:\php\pear') in C:\Users\ludaf\OneDrive\Projetos\FichasOP\index.php:92
Stack trace:
#0 {main}
  thrown in C:\Users\ludaf\OneDrive\Projetos\FichasOP\index.php on line 92
[17-Oct-2024 23:53:36 America/Manaus] PHP Fatal error:  Uncaught Error: Failed opening required 'c:/wamp64/projetos/fichasop/pages/404.php' (include_path='.;C:\php\pear') in C:\Users\ludaf\OneDrive\Projetos\FichasOP\index.php:92
Stack trace:
#0 {main}
  thrown in C:\Users\ludaf\OneDrive\Projetos\FichasOP\index.php on line 92
[17-Oct-2024 23:54:10 America/Manaus] PHP Fatal error:  Uncaught Error: Failed opening required 'c:/wamp64/projetos/fichasop/pages/404.php' (include_path='.;C:\php\pear') in C:\Users\ludaf\OneDrive\Projetos\FichasOP\index.php:92
Stack trace:
#0 {main}
  thrown in C:\Users\ludaf\OneDrive\Projetos\FichasOP\index.php on line 92
[17-Oct-2024 23:54:11 America/Manaus] PHP Fatal error:  Uncaught Error: Failed opening required 'c:/wamp64/projetos/fichasop/pages/404.php' (include_path='.;C:\php\pear') in C:\Users\ludaf\OneDrive\Projetos\FichasOP\index.php:92
Stack trace:
#0 {main}
  thrown in C:\Users\ludaf\OneDrive\Projetos\FichasOP\index.php on line 92
[17-Oct-2024 23:54:18 America/Manaus] PHP Fatal error:  Uncaught Error: Failed opening required 'c:/wamp64/projetos/fichasop/pages/404.php' (include_path='.;C:\php\pear') in C:\Users\ludaf\OneDrive\Projetos\FichasOP\index.php:92
Stack trace:
#0 {main}
  thrown in C:\Users\ludaf\OneDrive\Projetos\FichasOP\index.php on line 92
[17-Oct-2024 23:54:22 America/Manaus] PHP Fatal error:  Uncaught Error: Failed opening required 'c:/wamp64/projetos/fichasop/pages/404.php' (include_path='.;C:\php\pear') in C:\Users\ludaf\OneDrive\Projetos\FichasOP\index.php:92
Stack trace:
#0 {main}
  thrown in C:\Users\ludaf\OneDrive\Projetos\FichasOP\index.php on line 92
[17-Oct-2024 23:54:28 America/Manaus] PHP Fatal error:  Uncaught Error: Failed opening required 'c:/wamp64/projetos/fichasop/pages/404.php' (include_path='.;C:\php\pear') in C:\Users\ludaf\OneDrive\Projetos\FichasOP\index.php:92
Stack trace:
#0 {main}
  thrown in C:\Users\ludaf\OneDrive\Projetos\FichasOP\index.php on line 92
[17-Oct-2024 23:54:34 America/Manaus] PHP Fatal error:  Uncaught Error: Failed opening required 'c:/wamp64/projetos/fichasop/pages/404.php' (include_path='.;C:\php\pear') in C:\Users\ludaf\OneDrive\Projetos\FichasOP\index.php:92
Stack trace:
#0 {main}
  thrown in C:\Users\ludaf\OneDrive\Projetos\FichasOP\index.php on line 92
[17-Oct-2024 23:54:45 America/Manaus] PHP Fatal error:  Uncaught Error: Failed opening required 'c:/wamp64/projetos/fichasop/pages/404.php' (include_path='.;C:\php\pear') in C:\Users\ludaf\OneDrive\Projetos\FichasOP\index.php:92
Stack trace:
#0 {main}
  thrown in C:\Users\ludaf\OneDrive\Projetos\FichasOP\index.php on line 92
[17-Oct-2024 23:55:01 America/Manaus] PHP Fatal error:  Uncaught Error: Failed opening required 'c:/wamp64/projetos/fichasop/pages/404.php' (include_path='.;C:\php\pear') in C:\Users\ludaf\OneDrive\Projetos\FichasOP\index.php:92
Stack trace:
#0 {main}
  thrown in C:\Users\ludaf\OneDrive\Projetos\FichasOP\index.php on line 92
[17-Oct-2024 23:55:17 America/Manaus] PHP Fatal error:  Uncaught Error: Failed opening required 'c:/wamp64/projetos/fichasop/pages/404.php' (include_path='.;C:\php\pear') in C:\Users\ludaf\OneDrive\Projetos\FichasOP\index.php:92
Stack trace:
#0 {main}
  thrown in C:\Users\ludaf\OneDrive\Projetos\FichasOP\index.php on line 92
[17-Oct-2024 23:55:22 America/Manaus] PHP Fatal error:  Uncaught Error: Failed opening required 'c:/wamp64/projetos/fichasop/pages/404.php' (include_path='.;C:\php\pear') in C:\Users\ludaf\OneDrive\Projetos\FichasOP\index.php:92
Stack trace:
#0 {main}
  thrown in C:\Users\ludaf\OneDrive\Projetos\FichasOP\index.php on line 92
[17-Oct-2024 23:55:48 America/Manaus] PHP Fatal error:  Uncaught Error: Failed opening required 'c:/wamp64/projetos/fichasop/pages/404.php' (include_path='.;C:\php\pear') in C:\Users\ludaf\OneDrive\Projetos\FichasOP\index.php:92
Stack trace:
#0 {main}
  thrown in C:\Users\ludaf\OneDrive\Projetos\FichasOP\index.php on line 92
[17-Oct-2024 23:56:11 America/Manaus] PHP Fatal error:  Uncaught Error: Failed opening required 'c:/wamp64/projetos/fichasop/pages/404.php' (include_path='.;C:\php\pear') in C:\Users\ludaf\OneDrive\Projetos\FichasOP\index.php:92
Stack trace:
#0 {main}
  thrown in C:\Users\ludaf\OneDrive\Projetos\FichasOP\index.php on line 92
[17-Oct-2024 23:56:18 America/Manaus] PHP Fatal error:  Uncaught Error: Failed opening required 'c:/wamp64/projetos/fichasop/pages/404.php' (include_path='.;C:\php\pear') in C:\Users\ludaf\OneDrive\Projetos\FichasOP\index.php:92
Stack trace:
#0 {main}
  thrown in C:\Users\ludaf\OneDrive\Projetos\FichasOP\index.php on line 92
[17-Oct-2024 23:56:22 America/Manaus] PHP Fatal error:  Uncaught Error: Failed opening required 'c:/wamp64/projetos/fichasop/pages/404.php' (include_path='.;C:\php\pear') in C:\Users\ludaf\OneDrive\Projetos\FichasOP\index.php:92
Stack trace:
#0 {main}
  thrown in C:\Users\ludaf\OneDrive\Projetos\FichasOP\index.php on line 92
[17-Oct-2024 23:56:24 America/Manaus] PHP Fatal error:  Uncaught Error: Failed opening required 'c:/wamp64/projetos/fichasop/pages/404.php' (include_path='.;C:\php\pear') in C:\Users\ludaf\OneDrive\Projetos\FichasOP\index.php:92
Stack trace:
#0 {main}
  thrown in C:\Users\ludaf\OneDrive\Projetos\FichasOP\index.php on line 92
[17-Oct-2024 23:56:26 America/Manaus] PHP Fatal error:  Uncaught Error: Failed opening required 'c:/wamp64/projetos/fichasop/pages/404.php' (include_path='.;C:\php\pear') in C:\Users\ludaf\OneDrive\Projetos\FichasOP\index.php:92
Stack trace:
#0 {main}
  thrown in C:\Users\ludaf\OneDrive\Projetos\FichasOP\index.php on line 92
[17-Oct-2024 23:56:54 America/Manaus] PHP Fatal error:  Uncaught Error: Failed opening required 'c:/wamp64/projetos/fichasop/pages/404.php' (include_path='.;C:\php\pear') in C:\Users\ludaf\OneDrive\Projetos\FichasOP\index.php:92
Stack trace:
#0 {main}
  thrown in C:\Users\ludaf\OneDrive\Projetos\FichasOP\index.php on line 92
[17-Oct-2024 23:57:10 America/Manaus] PHP Fatal error:  Uncaught Error: Failed opening required 'c:/wamp64/projetos/fichasop/pages/404.php' (include_path='.;C:\php\pear') in C:\Users\ludaf\OneDrive\Projetos\FichasOP\index.php:92
Stack trace:
#0 {main}
  thrown in C:\Users\ludaf\OneDrive\Projetos\FichasOP\index.php on line 92
[17-Oct-2024 23:57:26 America/Manaus] PHP Fatal error:  Uncaught Error: Failed opening required 'c:/wamp64/projetos/fichasop/pages/404.php' (include_path='.;C:\php\pear') in C:\Users\ludaf\OneDrive\Projetos\FichasOP\index.php:92
Stack trace:
#0 {main}
  thrown in C:\Users\ludaf\OneDrive\Projetos\FichasOP\index.php on line 92
[17-Oct-2024 23:57:27 America/Manaus] PHP Fatal error:  Uncaught Error: Failed opening required 'c:/wamp64/projetos/fichasop/pages/404.php' (include_path='.;C:\php\pear') in C:\Users\ludaf\OneDrive\Projetos\FichasOP\index.php:92
Stack trace:
#0 {main}
  thrown in C:\Users\ludaf\OneDrive\Projetos\FichasOP\index.php on line 92
[17-Oct-2024 23:58:27 America/Manaus] PHP Fatal error:  Uncaught Error: Failed opening required 'c:/wamp64/projetos/fichasop/pages/404.php' (include_path='.;C:\php\pear') in C:\Users\ludaf\OneDrive\Projetos\FichasOP\index.php:92
Stack trace:
#0 {main}
  thrown in C:\Users\ludaf\OneDrive\Projetos\FichasOP\index.php on line 92
[17-Oct-2024 23:58:34 America/Manaus] PHP Fatal error:  Uncaught Error: Failed opening required 'c:/wamp64/projetos/fichasop/pages/404.php' (include_path='.;C:\php\pear') in C:\Users\ludaf\OneDrive\Projetos\FichasOP\index.php:92
Stack trace:
#0 {main}
  thrown in C:\Users\ludaf\OneDrive\Projetos\FichasOP\index.php on line 92
[17-Oct-2024 23:58:58 America/Manaus] PHP Fatal error:  Uncaught Error: Failed opening required 'c:/wamp64/projetos/fichasop/pages/404.php' (include_path='.;C:\php\pear') in C:\Users\ludaf\OneDrive\Projetos\FichasOP\index.php:92
Stack trace:
#0 {main}
  thrown in C:\Users\ludaf\OneDrive\Projetos\FichasOP\index.php on line 92
[17-Oct-2024 23:59:33 America/Manaus] PHP Fatal error:  Uncaught Error: Failed opening required 'c:/wamp64/projetos/fichasop/pages/404.php' (include_path='.;C:\php\pear') in C:\Users\ludaf\OneDrive\Projetos\FichasOP\index.php:92
Stack trace:
#0 {main}
  thrown in C:\Users\ludaf\OneDrive\Projetos\FichasOP\index.php on line 92
[17-Oct-2024 23:59:36 America/Manaus] PHP Fatal error:  Uncaught Error: Failed opening required 'c:/wamp64/projetos/fichasop/pages/404.php' (include_path='.;C:\php\pear') in C:\Users\ludaf\OneDrive\Projetos\FichasOP\index.php:92
Stack trace:
#0 {main}
  thrown in C:\Users\ludaf\OneDrive\Projetos\FichasOP\index.php on line 92
[17-Oct-2024 23:59:38 America/Manaus] PHP Fatal error:  Uncaught Error: Failed opening required 'c:/wamp64/projetos/fichasop/pages/404.php' (include_path='.;C:\php\pear') in C:\Users\ludaf\OneDrive\Projetos\FichasOP\index.php:92
Stack trace:
#0 {main}
  thrown in C:\Users\ludaf\OneDrive\Projetos\FichasOP\index.php on line 92
[17-Oct-2024 23:59:53 America/Manaus] PHP Fatal error:  Uncaught Error: Failed opening required 'c:/wamp64/projetos/fichasop/pages/404.php' (include_path='.;C:\php\pear') in C:\Users\ludaf\OneDrive\Projetos\FichasOP\index.php:92
Stack trace:
#0 {main}
  thrown in C:\Users\ludaf\OneDrive\Projetos\FichasOP\index.php on line 92
[17-Oct-2024 23:59:59 America/Manaus] PHP Fatal error:  Uncaught Error: Failed opening required 'c:/wamp64/projetos/fichasop/pages/404.php' (include_path='.;C:\php\pear') in C:\Users\ludaf\OneDrive\Projetos\FichasOP\index.php:92
Stack trace:
#0 {main}
  thrown in C:\Users\ludaf\OneDrive\Projetos\FichasOP\index.php on line 92
[18-Oct-2024 00:00:10 America/Manaus] PHP Fatal error:  Uncaught Error: Failed opening required 'c:/wamp64/projetos/fichasop/pages/404.php' (include_path='.;C:\php\pear') in C:\Users\ludaf\OneDrive\Projetos\FichasOP\index.php:92
Stack trace:
#0 {main}
  thrown in C:\Users\ludaf\OneDrive\Projetos\FichasOP\index.php on line 92
[18-Oct-2024 00:00:37 America/Manaus] PHP Fatal error:  Uncaught Error: Failed opening required 'c:/wamp64/projetos/fichasop/pages/404.php' (include_path='.;C:\php\pear') in C:\Users\ludaf\OneDrive\Projetos\FichasOP\index.php:92
Stack trace:
#0 {main}
  thrown in C:\Users\ludaf\OneDrive\Projetos\FichasOP\index.php on line 92
[18-Oct-2024 00:00:46 America/Manaus] PHP Fatal error:  Uncaught Error: Failed opening required 'c:/wamp64/projetos/fichasop/pages/404.php' (include_path='.;C:\php\pear') in C:\Users\ludaf\OneDrive\Projetos\FichasOP\index.php:92
Stack trace:
#0 {main}
  thrown in C:\Users\ludaf\OneDrive\Projetos\FichasOP\index.php on line 92
[18-Oct-2024 00:01:05 America/Manaus] PHP Fatal error:  Uncaught Error: Failed opening required 'c:/wamp64/projetos/fichasop/pages/404.php' (include_path='.;C:\php\pear') in C:\Users\ludaf\OneDrive\Projetos\FichasOP\index.php:92
Stack trace:
#0 {main}
  thrown in C:\Users\ludaf\OneDrive\Projetos\FichasOP\index.php on line 92
[18-Oct-2024 00:01:07 America/Manaus] PHP Fatal error:  Uncaught Error: Failed opening required 'c:/wamp64/projetos/fichasop/pages/404.php' (include_path='.;C:\php\pear') in C:\Users\ludaf\OneDrive\Projetos\FichasOP\index.php:92
Stack trace:
#0 {main}
  thrown in C:\Users\ludaf\OneDrive\Projetos\FichasOP\index.php on line 92
[18-Oct-2024 00:01:14 America/Manaus] PHP Fatal error:  Uncaught Error: Failed opening required 'c:/wamp64/projetos/fichasop/pages/404.php' (include_path='.;C:\php\pear') in C:\Users\ludaf\OneDrive\Projetos\FichasOP\index.php:92
Stack trace:
#0 {main}
  thrown in C:\Users\ludaf\OneDrive\Projetos\FichasOP\index.php on line 92
[18-Oct-2024 00:01:24 America/Manaus] PHP Fatal error:  Uncaught Error: Failed opening required 'c:/wamp64/projetos/fichasop/pages/404.php' (include_path='.;C:\php\pear') in C:\Users\ludaf\OneDrive\Projetos\FichasOP\index.php:92
Stack trace:
#0 {main}
  thrown in C:\Users\ludaf\OneDrive\Projetos\FichasOP\index.php on line 92
[18-Oct-2024 00:01:31 America/Manaus] PHP Fatal error:  Uncaught Error: Failed opening required 'c:/wamp64/projetos/fichasop/pages/404.php' (include_path='.;C:\php\pear') in C:\Users\ludaf\OneDrive\Projetos\FichasOP\index.php:92
Stack trace:
#0 {main}
  thrown in C:\Users\ludaf\OneDrive\Projetos\FichasOP\index.php on line 92
[18-Oct-2024 00:02:16 America/Manaus] PHP Fatal error:  Uncaught Error: Failed opening required 'c:/wamp64/projetos/fichasop/pages/404.php' (include_path='.;C:\php\pear') in C:\Users\ludaf\OneDrive\Projetos\FichasOP\index.php:92
Stack trace:
#0 {main}
  thrown in C:\Users\ludaf\OneDrive\Projetos\FichasOP\index.php on line 92
[18-Oct-2024 00:02:25 America/Manaus] PHP Fatal error:  Uncaught Error: Failed opening required 'c:/wamp64/projetos/fichasop/pages/404.php' (include_path='.;C:\php\pear') in C:\Users\ludaf\OneDrive\Projetos\FichasOP\index.php:92
Stack trace:
#0 {main}
  thrown in C:\Users\ludaf\OneDrive\Projetos\FichasOP\index.php on line 92
[18-Oct-2024 00:02:32 America/Manaus] PHP Fatal error:  Uncaught Error: Failed opening required 'c:/wamp64/projetos/fichasop/pages/404.php' (include_path='.;C:\php\pear') in C:\Users\ludaf\OneDrive\Projetos\FichasOP\index.php:92
Stack trace:
#0 {main}
  thrown in C:\Users\ludaf\OneDrive\Projetos\FichasOP\index.php on line 92
[18-Oct-2024 00:02:45 America/Manaus] PHP Fatal error:  Uncaught Error: Failed opening required 'c:/wamp64/projetos/fichasop/pages/404.php' (include_path='.;C:\php\pear') in C:\Users\ludaf\OneDrive\Projetos\FichasOP\index.php:92
Stack trace:
#0 {main}
  thrown in C:\Users\ludaf\OneDrive\Projetos\FichasOP\index.php on line 92
[18-Oct-2024 00:03:08 America/Manaus] PHP Fatal error:  Uncaught Error: Failed opening required 'c:/wamp64/projetos/fichasop/pages/404.php' (include_path='.;C:\php\pear') in C:\Users\ludaf\OneDrive\Projetos\FichasOP\index.php:92
Stack trace:
#0 {main}
  thrown in C:\Users\ludaf\OneDrive\Projetos\FichasOP\index.php on line 92
[18-Oct-2024 00:03:10 America/Manaus] PHP Fatal error:  Uncaught Error: Failed opening required 'c:/wamp64/projetos/fichasop/pages/404.php' (include_path='.;C:\php\pear') in C:\Users\ludaf\OneDrive\Projetos\FichasOP\index.php:92
Stack trace:
#0 {main}
  thrown in C:\Users\ludaf\OneDrive\Projetos\FichasOP\index.php on line 92
[18-Oct-2024 00:03:15 America/Manaus] PHP Fatal error:  Uncaught Error: Failed opening required 'c:/wamp64/projetos/fichasop/pages/404.php' (include_path='.;C:\php\pear') in C:\Users\ludaf\OneDrive\Projetos\FichasOP\index.php:92
Stack trace:
#0 {main}
  thrown in C:\Users\ludaf\OneDrive\Projetos\FichasOP\index.php on line 92
[18-Oct-2024 00:03:24 America/Manaus] PHP Fatal error:  Uncaught Error: Failed opening required 'c:/wamp64/projetos/fichasop/pages/404.php' (include_path='.;C:\php\pear') in C:\Users\ludaf\OneDrive\Projetos\FichasOP\index.php:92
Stack trace:
#0 {main}
  thrown in C:\Users\ludaf\OneDrive\Projetos\FichasOP\index.php on line 92
[18-Oct-2024 00:03:34 America/Manaus] PHP Fatal error:  Uncaught Error: Failed opening required 'c:/wamp64/projetos/fichasop/pages/404.php' (include_path='.;C:\php\pear') in C:\Users\ludaf\OneDrive\Projetos\FichasOP\index.php:92
Stack trace:
#0 {main}
  thrown in C:\Users\ludaf\OneDrive\Projetos\FichasOP\index.php on line 92
[18-Oct-2024 00:03:48 America/Manaus] PHP Fatal error:  Uncaught Error: Failed opening required 'c:/wamp64/projetos/fichasop/pages/404.php' (include_path='.;C:\php\pear') in C:\Users\ludaf\OneDrive\Projetos\FichasOP\index.php:92
Stack trace:
#0 {main}
  thrown in C:\Users\ludaf\OneDrive\Projetos\FichasOP\index.php on line 92
[18-Oct-2024 00:03:51 America/Manaus] PHP Fatal error:  Uncaught Error: Failed opening required 'c:/wamp64/projetos/fichasop/pages/404.php' (include_path='.;C:\php\pear') in C:\Users\ludaf\OneDrive\Projetos\FichasOP\index.php:92
Stack trace:
#0 {main}
  thrown in C:\Users\ludaf\OneDrive\Projetos\FichasOP\index.php on line 92
[18-Oct-2024 00:03:58 America/Manaus] PHP Fatal error:  Uncaught Error: Failed opening required 'c:/wamp64/projetos/fichasop/pages/404.php' (include_path='.;C:\php\pear') in C:\Users\ludaf\OneDrive\Projetos\FichasOP\index.php:92
Stack trace:
#0 {main}
  thrown in C:\Users\ludaf\OneDrive\Projetos\FichasOP\index.php on line 92
[18-Oct-2024 00:04:00 America/Manaus] PHP Fatal error:  Uncaught Error: Failed opening required 'c:/wamp64/projetos/fichasop/pages/404.php' (include_path='.;C:\php\pear') in C:\Users\ludaf\OneDrive\Projetos\FichasOP\index.php:92
Stack trace:
#0 {main}
  thrown in C:\Users\ludaf\OneDrive\Projetos\FichasOP\index.php on line 92
[18-Oct-2024 00:04:19 America/Manaus] PHP Fatal error:  Uncaught Error: Failed opening required 'c:/wamp64/projetos/fichasop/pages/404.php' (include_path='.;C:\php\pear') in C:\Users\ludaf\OneDrive\Projetos\FichasOP\index.php:92
Stack trace:
#0 {main}
  thrown in C:\Users\ludaf\OneDrive\Projetos\FichasOP\index.php on line 92
[18-Oct-2024 00:04:28 America/Manaus] PHP Fatal error:  Uncaught Error: Failed opening required 'c:/wamp64/projetos/fichasop/pages/404.php' (include_path='.;C:\php\pear') in C:\Users\ludaf\OneDrive\Projetos\FichasOP\index.php:92
Stack trace:
#0 {main}
  thrown in C:\Users\ludaf\OneDrive\Projetos\FichasOP\index.php on line 92
[18-Oct-2024 00:05:01 America/Manaus] PHP Fatal error:  Uncaught Error: Failed opening required 'c:/wamp64/projetos/fichasop/pages/404.php' (include_path='.;C:\php\pear') in C:\Users\ludaf\OneDrive\Projetos\FichasOP\index.php:92
Stack trace:
#0 {main}
  thrown in C:\Users\ludaf\OneDrive\Projetos\FichasOP\index.php on line 92
[18-Oct-2024 00:05:05 America/Manaus] PHP Fatal error:  Uncaught Error: Failed opening required 'c:/wamp64/projetos/fichasop/pages/404.php' (include_path='.;C:\php\pear') in C:\Users\ludaf\OneDrive\Projetos\FichasOP\index.php:92
Stack trace:
#0 {main}
  thrown in C:\Users\ludaf\OneDrive\Projetos\FichasOP\index.php on line 92
[18-Oct-2024 00:05:11 America/Manaus] PHP Fatal error:  Uncaught Error: Failed opening required 'c:/wamp64/projetos/fichasop/pages/404.php' (include_path='.;C:\php\pear') in C:\Users\ludaf\OneDrive\Projetos\FichasOP\index.php:92
Stack trace:
#0 {main}
  thrown in C:\Users\ludaf\OneDrive\Projetos\FichasOP\index.php on line 92
[18-Oct-2024 00:05:16 America/Manaus] PHP Fatal error:  Uncaught Error: Failed opening required 'c:/wamp64/projetos/fichasop/pages/404.php' (include_path='.;C:\php\pear') in C:\Users\ludaf\OneDrive\Projetos\FichasOP\index.php:92
Stack trace:
#0 {main}
  thrown in C:\Users\ludaf\OneDrive\Projetos\FichasOP\index.php on line 92
[18-Oct-2024 00:05:24 America/Manaus] PHP Fatal error:  Uncaught Error: Failed opening required 'c:/wamp64/projetos/fichasop/pages/404.php' (include_path='.;C:\php\pear') in C:\Users\ludaf\OneDrive\Projetos\FichasOP\index.php:92
Stack trace:
#0 {main}
  thrown in C:\Users\ludaf\OneDrive\Projetos\FichasOP\index.php on line 92
[18-Oct-2024 00:05:33 America/Manaus] PHP Fatal error:  Uncaught Error: Failed opening required 'c:/wamp64/projetos/fichasop/pages/404.php' (include_path='.;C:\php\pear') in C:\Users\ludaf\OneDrive\Projetos\FichasOP\index.php:92
Stack trace:
#0 {main}
  thrown in C:\Users\ludaf\OneDrive\Projetos\FichasOP\index.php on line 92
[18-Oct-2024 00:06:02 America/Manaus] PHP Fatal error:  Uncaught Error: Failed opening required 'c:/wamp64/projetos/fichasop/pages/404.php' (include_path='.;C:\php\pear') in C:\Users\ludaf\OneDrive\Projetos\FichasOP\index.php:92
Stack trace:
#0 {main}
  thrown in C:\Users\ludaf\OneDrive\Projetos\FichasOP\index.php on line 92
[18-Oct-2024 00:06:03 America/Manaus] PHP Fatal error:  Uncaught Error: Failed opening required 'c:/wamp64/projetos/fichasop/pages/404.php' (include_path='.;C:\php\pear') in C:\Users\ludaf\OneDrive\Projetos\FichasOP\index.php:92
Stack trace:
#0 {main}
  thrown in C:\Users\ludaf\OneDrive\Projetos\FichasOP\index.php on line 92
[18-Oct-2024 00:06:13 America/Manaus] PHP Fatal error:  Uncaught Error: Failed opening required 'c:/wamp64/projetos/fichasop/pages/404.php' (include_path='.;C:\php\pear') in C:\Users\ludaf\OneDrive\Projetos\FichasOP\index.php:92
Stack trace:
#0 {main}
  thrown in C:\Users\ludaf\OneDrive\Projetos\FichasOP\index.php on line 92
[18-Oct-2024 00:06:19 America/Manaus] PHP Fatal error:  Uncaught Error: Failed opening required 'c:/wamp64/projetos/fichasop/pages/404.php' (include_path='.;C:\php\pear') in C:\Users\ludaf\OneDrive\Projetos\FichasOP\index.php:92
Stack trace:
#0 {main}
  thrown in C:\Users\ludaf\OneDrive\Projetos\FichasOP\index.php on line 92
[18-Oct-2024 00:06:20 America/Manaus] PHP Fatal error:  Uncaught Error: Failed opening required 'c:/wamp64/projetos/fichasop/pages/404.php' (include_path='.;C:\php\pear') in C:\Users\ludaf\OneDrive\Projetos\FichasOP\index.php:92
Stack trace:
#0 {main}
  thrown in C:\Users\ludaf\OneDrive\Projetos\FichasOP\index.php on line 92
[18-Oct-2024 00:06:36 America/Manaus] PHP Fatal error:  Uncaught Error: Failed opening required 'c:/wamp64/projetos/fichasop/pages/404.php' (include_path='.;C:\php\pear') in C:\Users\ludaf\OneDrive\Projetos\FichasOP\index.php:92
Stack trace:
#0 {main}
  thrown in C:\Users\ludaf\OneDrive\Projetos\FichasOP\index.php on line 92
[18-Oct-2024 00:06:55 America/Manaus] PHP Fatal error:  Uncaught Error: Failed opening required 'c:/wamp64/projetos/fichasop/pages/404.php' (include_path='.;C:\php\pear') in C:\Users\ludaf\OneDrive\Projetos\FichasOP\index.php:92
Stack trace:
#0 {main}
  thrown in C:\Users\ludaf\OneDrive\Projetos\FichasOP\index.php on line 92
[18-Oct-2024 00:06:56 America/Manaus] PHP Fatal error:  Uncaught Error: Failed opening required 'c:/wamp64/projetos/fichasop/pages/404.php' (include_path='.;C:\php\pear') in C:\Users\ludaf\OneDrive\Projetos\FichasOP\index.php:92
Stack trace:
#0 {main}
  thrown in C:\Users\ludaf\OneDrive\Projetos\FichasOP\index.php on line 92
[18-Oct-2024 00:07:12 America/Manaus] PHP Fatal error:  Uncaught Error: Failed opening required 'c:/wamp64/projetos/fichasop/pages/404.php' (include_path='.;C:\php\pear') in C:\Users\ludaf\OneDrive\Projetos\FichasOP\index.php:92
Stack trace:
#0 {main}
  thrown in C:\Users\ludaf\OneDrive\Projetos\FichasOP\index.php on line 92
[18-Oct-2024 00:08:10 America/Manaus] PHP Fatal error:  Uncaught Error: Failed opening required 'c:/wamp64/projetos/fichasop/pages/404.php' (include_path='.;C:\php\pear') in C:\Users\ludaf\OneDrive\Projetos\FichasOP\index.php:92
Stack trace:
#0 {main}
  thrown in C:\Users\ludaf\OneDrive\Projetos\FichasOP\index.php on line 92
[18-Oct-2024 00:08:19 America/Manaus] PHP Fatal error:  Uncaught Error: Failed opening required 'c:/wamp64/projetos/fichasop/pages/404.php' (include_path='.;C:\php\pear') in C:\Users\ludaf\OneDrive\Projetos\FichasOP\index.php:92
Stack trace:
#0 {main}
  thrown in C:\Users\ludaf\OneDrive\Projetos\FichasOP\index.php on line 92
[18-Oct-2024 00:08:25 America/Manaus] PHP Fatal error:  Uncaught Error: Failed opening required 'c:/wamp64/projetos/fichasop/pages/404.php' (include_path='.;C:\php\pear') in C:\Users\ludaf\OneDrive\Projetos\FichasOP\index.php:92
Stack trace:
#0 {main}
  thrown in C:\Users\ludaf\OneDrive\Projetos\FichasOP\index.php on line 92
[18-Oct-2024 00:09:43 America/Manaus] PHP Fatal error:  Uncaught Error: Failed opening required 'c:/wamp64/projetos/fichasop/pages/404.php' (include_path='.;C:\php\pear') in C:\Users\ludaf\OneDrive\Projetos\FichasOP\index.php:92
Stack trace:
#0 {main}
  thrown in C:\Users\ludaf\OneDrive\Projetos\FichasOP\index.php on line 92
[18-Oct-2024 00:09:57 America/Manaus] PHP Fatal error:  Uncaught Error: Failed opening required 'c:/wamp64/projetos/fichasop/pages/404.php' (include_path='.;C:\php\pear') in C:\Users\ludaf\OneDrive\Projetos\FichasOP\index.php:92
Stack trace:
#0 {main}
  thrown in C:\Users\ludaf\OneDrive\Projetos\FichasOP\index.php on line 92
[18-Oct-2024 00:10:04 America/Manaus] PHP Fatal error:  Uncaught Error: Failed opening required 'c:/wamp64/projetos/fichasop/pages/404.php' (include_path='.;C:\php\pear') in C:\Users\ludaf\OneDrive\Projetos\FichasOP\index.php:92
Stack trace:
#0 {main}
  thrown in C:\Users\ludaf\OneDrive\Projetos\FichasOP\index.php on line 92
[18-Oct-2024 00:10:38 America/Manaus] PHP Fatal error:  Uncaught Error: Failed opening required 'c:/wamp64/projetos/fichasop/pages/404.php' (include_path='.;C:\php\pear') in C:\Users\ludaf\OneDrive\Projetos\FichasOP\index.php:92
Stack trace:
#0 {main}
  thrown in C:\Users\ludaf\OneDrive\Projetos\FichasOP\index.php on line 92
[18-Oct-2024 00:11:25 America/Manaus] PHP Fatal error:  Uncaught Error: Failed opening required 'c:/wamp64/projetos/fichasop/pages/404.php' (include_path='.;C:\php\pear') in C:\Users\ludaf\OneDrive\Projetos\FichasOP\index.php:92
Stack trace:
#0 {main}
  thrown in C:\Users\ludaf\OneDrive\Projetos\FichasOP\index.php on line 92
[18-Oct-2024 00:11:36 America/Manaus] PHP Fatal error:  Uncaught Error: Failed opening required 'c:/wamp64/projetos/fichasop/pages/404.php' (include_path='.;C:\php\pear') in C:\Users\ludaf\OneDrive\Projetos\FichasOP\index.php:92
Stack trace:
#0 {main}
  thrown in C:\Users\ludaf\OneDrive\Projetos\FichasOP\index.php on line 92
[18-Oct-2024 00:11:46 America/Manaus] PHP Fatal error:  Uncaught Error: Failed opening required 'c:/wamp64/projetos/fichasop/pages/404.php' (include_path='.;C:\php\pear') in C:\Users\ludaf\OneDrive\Projetos\FichasOP\index.php:92
Stack trace:
#0 {main}
  thrown in C:\Users\ludaf\OneDrive\Projetos\FichasOP\index.php on line 92
[18-Oct-2024 00:12:06 America/Manaus] PHP Fatal error:  Uncaught Error: Failed opening required 'c:/wamp64/projetos/fichasop/pages/404.php' (include_path='.;C:\php\pear') in C:\Users\ludaf\OneDrive\Projetos\FichasOP\index.php:92
Stack trace:
#0 {main}
  thrown in C:\Users\ludaf\OneDrive\Projetos\FichasOP\index.php on line 92
[18-Oct-2024 00:12:19 America/Manaus] PHP Fatal error:  Uncaught Error: Failed opening required 'c:/wamp64/projetos/fichasop/pages/404.php' (include_path='.;C:\php\pear') in C:\Users\ludaf\OneDrive\Projetos\FichasOP\index.php:92
Stack trace:
#0 {main}
  thrown in C:\Users\ludaf\OneDrive\Projetos\FichasOP\index.php on line 92
[18-Oct-2024 00:12:37 America/Manaus] PHP Fatal error:  Uncaught Error: Failed opening required 'c:/wamp64/projetos/fichasop/pages/404.php' (include_path='.;C:\php\pear') in C:\Users\ludaf\OneDrive\Projetos\FichasOP\index.php:92
Stack trace:
#0 {main}
  thrown in C:\Users\ludaf\OneDrive\Projetos\FichasOP\index.php on line 92
[18-Oct-2024 00:12:38 America/Manaus] PHP Fatal error:  Uncaught Error: Failed opening required 'c:/wamp64/projetos/fichasop/pages/404.php' (include_path='.;C:\php\pear') in C:\Users\ludaf\OneDrive\Projetos\FichasOP\index.php:92
Stack trace:
#0 {main}
  thrown in C:\Users\ludaf\OneDrive\Projetos\FichasOP\index.php on line 92
[18-Oct-2024 00:13:11 America/Manaus] PHP Fatal error:  Uncaught Error: Failed opening required 'c:/wamp64/projetos/fichasop/pages/404.php' (include_path='.;C:\php\pear') in C:\Users\ludaf\OneDrive\Projetos\FichasOP\index.php:92
Stack trace:
#0 {main}
  thrown in C:\Users\ludaf\OneDrive\Projetos\FichasOP\index.php on line 92
[18-Oct-2024 00:13:30 America/Manaus] PHP Fatal error:  Uncaught Error: Failed opening required 'c:/wamp64/projetos/fichasop/pages/404.php' (include_path='.;C:\php\pear') in C:\Users\ludaf\OneDrive\Projetos\FichasOP\index.php:92
Stack trace:
#0 {main}
  thrown in C:\Users\ludaf\OneDrive\Projetos\FichasOP\index.php on line 92
[18-Oct-2024 00:13:48 America/Manaus] PHP Fatal error:  Uncaught Error: Failed opening required 'c:/wamp64/projetos/fichasop/pages/404.php' (include_path='.;C:\php\pear') in C:\Users\ludaf\OneDrive\Projetos\FichasOP\index.php:92
Stack trace:
#0 {main}
  thrown in C:\Users\ludaf\OneDrive\Projetos\FichasOP\index.php on line 92
[18-Oct-2024 00:14:33 America/Manaus] PHP Fatal error:  Uncaught Error: Failed opening required 'c:/wamp64/projetos/fichasop/pages/404.php' (include_path='.;C:\php\pear') in C:\Users\ludaf\OneDrive\Projetos\FichasOP\index.php:92
Stack trace:
#0 {main}
  thrown in C:\Users\ludaf\OneDrive\Projetos\FichasOP\index.php on line 92
[18-Oct-2024 00:15:58 America/Manaus] PHP Fatal error:  Uncaught Error: Failed opening required 'c:/wamp64/projetos/fichasop/pages/404.php' (include_path='.;C:\php\pear') in C:\Users\ludaf\OneDrive\Projetos\FichasOP\index.php:92
Stack trace:
#0 {main}
  thrown in C:\Users\ludaf\OneDrive\Projetos\FichasOP\index.php on line 92
[18-Oct-2024 00:16:02 America/Manaus] PHP Fatal error:  Uncaught Error: Failed opening required 'c:/wamp64/projetos/fichasop/pages/404.php' (include_path='.;C:\php\pear') in C:\Users\ludaf\OneDrive\Projetos\FichasOP\index.php:92
Stack trace:
#0 {main}
  thrown in C:\Users\ludaf\OneDrive\Projetos\FichasOP\index.php on line 92
[18-Oct-2024 00:16:55 America/Manaus] PHP Fatal error:  Uncaught Error: Failed opening required 'c:/wamp64/projetos/fichasop/pages/404.php' (include_path='.;C:\php\pear') in C:\Users\ludaf\OneDrive\Projetos\FichasOP\index.php:92
Stack trace:
#0 {main}
  thrown in C:\Users\ludaf\OneDrive\Projetos\FichasOP\index.php on line 92
[18-Oct-2024 00:16:58 America/Manaus] PHP Fatal error:  Uncaught Error: Failed opening required 'c:/wamp64/projetos/fichasop/pages/404.php' (include_path='.;C:\php\pear') in C:\Users\ludaf\OneDrive\Projetos\FichasOP\index.php:92
Stack trace:
#0 {main}
  thrown in C:\Users\ludaf\OneDrive\Projetos\FichasOP\index.php on line 92
[18-Oct-2024 00:17:13 America/Manaus] PHP Fatal error:  Uncaught Error: Failed opening required 'c:/wamp64/projetos/fichasop/pages/404.php' (include_path='.;C:\php\pear') in C:\Users\ludaf\OneDrive\Projetos\FichasOP\index.php:92
Stack trace:
#0 {main}
  thrown in C:\Users\ludaf\OneDrive\Projetos\FichasOP\index.php on line 92
[18-Oct-2024 00:17:36 America/Manaus] PHP Fatal error:  Uncaught Error: Failed opening required 'c:/wamp64/projetos/fichasop/pages/404.php' (include_path='.;C:\php\pear') in C:\Users\ludaf\OneDrive\Projetos\FichasOP\index.php:92
Stack trace:
#0 {main}
  thrown in C:\Users\ludaf\OneDrive\Projetos\FichasOP\index.php on line 92
[18-Oct-2024 00:17:39 America/Manaus] PHP Fatal error:  Uncaught Error: Failed opening required 'c:/wamp64/projetos/fichasop/pages/404.php' (include_path='.;C:\php\pear') in C:\Users\ludaf\OneDrive\Projetos\FichasOP\index.php:92
Stack trace:
#0 {main}
  thrown in C:\Users\ludaf\OneDrive\Projetos\FichasOP\index.php on line 92
[18-Oct-2024 00:19:19 America/Manaus] PHP Fatal error:  Uncaught Error: Failed opening required 'c:/wamp64/projetos/fichasop/pages/404.php' (include_path='.;C:\php\pear') in C:\Users\ludaf\OneDrive\Projetos\FichasOP\index.php:92
Stack trace:
#0 {main}
  thrown in C:\Users\ludaf\OneDrive\Projetos\FichasOP\index.php on line 92
[18-Oct-2024 00:19:24 America/Manaus] PHP Fatal error:  Uncaught Error: Failed opening required 'c:/wamp64/projetos/fichasop/pages/404.php' (include_path='.;C:\php\pear') in C:\Users\ludaf\OneDrive\Projetos\FichasOP\index.php:92
Stack trace:
#0 {main}
  thrown in C:\Users\ludaf\OneDrive\Projetos\FichasOP\index.php on line 92
[18-Oct-2024 00:19:35 America/Manaus] PHP Fatal error:  Uncaught Error: Failed opening required 'c:/wamp64/projetos/fichasop/pages/404.php' (include_path='.;C:\php\pear') in C:\Users\ludaf\OneDrive\Projetos\FichasOP\index.php:92
Stack trace:
#0 {main}
  thrown in C:\Users\ludaf\OneDrive\Projetos\FichasOP\index.php on line 92
[18-Oct-2024 00:20:01 America/Manaus] PHP Fatal error:  Uncaught Error: Failed opening required 'c:/wamp64/projetos/fichasop/pages/404.php' (include_path='.;C:\php\pear') in C:\Users\ludaf\OneDrive\Projetos\FichasOP\index.php:92
Stack trace:
#0 {main}
  thrown in C:\Users\ludaf\OneDrive\Projetos\FichasOP\index.php on line 92
[18-Oct-2024 00:20:08 America/Manaus] PHP Fatal error:  Uncaught Error: Failed opening required 'c:/wamp64/projetos/fichasop/pages/404.php' (include_path='.;C:\php\pear') in C:\Users\ludaf\OneDrive\Projetos\FichasOP\index.php:92
Stack trace:
#0 {main}
  thrown in C:\Users\ludaf\OneDrive\Projetos\FichasOP\index.php on line 92
[18-Oct-2024 00:20:22 America/Manaus] PHP Fatal error:  Uncaught Error: Failed opening required 'c:/wamp64/projetos/fichasop/pages/404.php' (include_path='.;C:\php\pear') in C:\Users\ludaf\OneDrive\Projetos\FichasOP\index.php:92
Stack trace:
#0 {main}
  thrown in C:\Users\ludaf\OneDrive\Projetos\FichasOP\index.php on line 92
[18-Oct-2024 00:20:31 America/Manaus] PHP Fatal error:  Uncaught Error: Failed opening required 'c:/wamp64/projetos/fichasop/pages/404.php' (include_path='.;C:\php\pear') in C:\Users\ludaf\OneDrive\Projetos\FichasOP\index.php:92
Stack trace:
#0 {main}
  thrown in C:\Users\ludaf\OneDrive\Projetos\FichasOP\index.php on line 92
[18-Oct-2024 00:20:49 America/Manaus] PHP Fatal error:  Uncaught Error: Failed opening required 'c:/wamp64/projetos/fichasop/pages/404.php' (include_path='.;C:\php\pear') in C:\Users\ludaf\OneDrive\Projetos\FichasOP\index.php:92
Stack trace:
#0 {main}
  thrown in C:\Users\ludaf\OneDrive\Projetos\FichasOP\index.php on line 92
[18-Oct-2024 00:21:17 America/Manaus] PHP Fatal error:  Uncaught Error: Failed opening required 'c:/wamp64/projetos/fichasop/pages/404.php' (include_path='.;C:\php\pear') in C:\Users\ludaf\OneDrive\Projetos\FichasOP\index.php:92
Stack trace:
#0 {main}
  thrown in C:\Users\ludaf\OneDrive\Projetos\FichasOP\index.php on line 92
[18-Oct-2024 00:21:39 America/Manaus] PHP Fatal error:  Uncaught Error: Failed opening required 'c:/wamp64/projetos/fichasop/pages/404.php' (include_path='.;C:\php\pear') in C:\Users\ludaf\OneDrive\Projetos\FichasOP\index.php:92
Stack trace:
#0 {main}
  thrown in C:\Users\ludaf\OneDrive\Projetos\FichasOP\index.php on line 92
[18-Oct-2024 00:21:51 America/Manaus] PHP Fatal error:  Uncaught Error: Failed opening required 'c:/wamp64/projetos/fichasop/pages/404.php' (include_path='.;C:\php\pear') in C:\Users\ludaf\OneDrive\Projetos\FichasOP\index.php:92
Stack trace:
#0 {main}
  thrown in C:\Users\ludaf\OneDrive\Projetos\FichasOP\index.php on line 92
[18-Oct-2024 00:22:09 America/Manaus] PHP Fatal error:  Uncaught Error: Failed opening required 'c:/wamp64/projetos/fichasop/pages/404.php' (include_path='.;C:\php\pear') in C:\Users\ludaf\OneDrive\Projetos\FichasOP\index.php:92
Stack trace:
#0 {main}
  thrown in C:\Users\ludaf\OneDrive\Projetos\FichasOP\index.php on line 92
[18-Oct-2024 00:23:09 America/Manaus] PHP Fatal error:  Uncaught Error: Failed opening required 'c:/wamp64/projetos/fichasop/pages/404.php' (include_path='.;C:\php\pear') in C:\Users\ludaf\OneDrive\Projetos\FichasOP\index.php:92
Stack trace:
#0 {main}
  thrown in C:\Users\ludaf\OneDrive\Projetos\FichasOP\index.php on line 92
[18-Oct-2024 00:24:14 America/Manaus] PHP Fatal error:  Uncaught Error: Failed opening required 'c:/wamp64/projetos/fichasop/pages/404.php' (include_path='.;C:\php\pear') in C:\Users\ludaf\OneDrive\Projetos\FichasOP\index.php:92
Stack trace:
#0 {main}
  thrown in C:\Users\ludaf\OneDrive\Projetos\FichasOP\index.php on line 92
[18-Oct-2024 00:24:24 America/Manaus] PHP Fatal error:  Uncaught Error: Failed opening required 'c:/wamp64/projetos/fichasop/pages/404.php' (include_path='.;C:\php\pear') in C:\Users\ludaf\OneDrive\Projetos\FichasOP\index.php:92
Stack trace:
#0 {main}
  thrown in C:\Users\ludaf\OneDrive\Projetos\FichasOP\index.php on line 92
[18-Oct-2024 00:24:29 America/Manaus] PHP Fatal error:  Uncaught Error: Failed opening required 'c:/wamp64/projetos/fichasop/pages/404.php' (include_path='.;C:\php\pear') in C:\Users\ludaf\OneDrive\Projetos\FichasOP\index.php:92
Stack trace:
#0 {main}
  thrown in C:\Users\ludaf\OneDrive\Projetos\FichasOP\index.php on line 92
[18-Oct-2024 00:24:38 America/Manaus] PHP Fatal error:  Uncaught Error: Failed opening required 'c:/wamp64/projetos/fichasop/pages/404.php' (include_path='.;C:\php\pear') in C:\Users\ludaf\OneDrive\Projetos\FichasOP\index.php:92
Stack trace:
#0 {main}
  thrown in C:\Users\ludaf\OneDrive\Projetos\FichasOP\index.php on line 92
[18-Oct-2024 00:24:51 America/Manaus] PHP Fatal error:  Uncaught Error: Failed opening required 'c:/wamp64/projetos/fichasop/pages/404.php' (include_path='.;C:\php\pear') in C:\Users\ludaf\OneDrive\Projetos\FichasOP\index.php:92
Stack trace:
#0 {main}
  thrown in C:\Users\ludaf\OneDrive\Projetos\FichasOP\index.php on line 92
[18-Oct-2024 00:25:01 America/Manaus] PHP Fatal error:  Uncaught Error: Failed opening required 'c:/wamp64/projetos/fichasop/pages/404.php' (include_path='.;C:\php\pear') in C:\Users\ludaf\OneDrive\Projetos\FichasOP\index.php:92
Stack trace:
#0 {main}
  thrown in C:\Users\ludaf\OneDrive\Projetos\FichasOP\index.php on line 92
[18-Oct-2024 00:25:12 America/Manaus] PHP Fatal error:  Uncaught Error: Failed opening required 'c:/wamp64/projetos/fichasop/pages/404.php' (include_path='.;C:\php\pear') in C:\Users\ludaf\OneDrive\Projetos\FichasOP\index.php:92
Stack trace:
#0 {main}
  thrown in C:\Users\ludaf\OneDrive\Projetos\FichasOP\index.php on line 92
[18-Oct-2024 00:25:17 America/Manaus] PHP Fatal error:  Uncaught Error: Failed opening required 'c:/wamp64/projetos/fichasop/pages/404.php' (include_path='.;C:\php\pear') in C:\Users\ludaf\OneDrive\Projetos\FichasOP\index.php:92
Stack trace:
#0 {main}
  thrown in C:\Users\ludaf\OneDrive\Projetos\FichasOP\index.php on line 92
[18-Oct-2024 00:25:23 America/Manaus] PHP Fatal error:  Uncaught Error: Failed opening required 'c:/wamp64/projetos/fichasop/pages/404.php' (include_path='.;C:\php\pear') in C:\Users\ludaf\OneDrive\Projetos\FichasOP\index.php:92
Stack trace:
#0 {main}
  thrown in C:\Users\ludaf\OneDrive\Projetos\FichasOP\index.php on line 92
[18-Oct-2024 00:25:26 America/Manaus] PHP Fatal error:  Uncaught Error: Failed opening required 'c:/wamp64/projetos/fichasop/pages/404.php' (include_path='.;C:\php\pear') in C:\Users\ludaf\OneDrive\Projetos\FichasOP\index.php:92
Stack trace:
#0 {main}
  thrown in C:\Users\ludaf\OneDrive\Projetos\FichasOP\index.php on line 92
[18-Oct-2024 00:25:28 America/Manaus] PHP Fatal error:  Uncaught Error: Failed opening required 'c:/wamp64/projetos/fichasop/pages/404.php' (include_path='.;C:\php\pear') in C:\Users\ludaf\OneDrive\Projetos\FichasOP\index.php:92
Stack trace:
#0 {main}
  thrown in C:\Users\ludaf\OneDrive\Projetos\FichasOP\index.php on line 92
[18-Oct-2024 00:25:46 America/Manaus] PHP Fatal error:  Uncaught Error: Failed opening required 'c:/wamp64/projetos/fichasop/pages/404.php' (include_path='.;C:\php\pear') in C:\Users\ludaf\OneDrive\Projetos\FichasOP\index.php:92
Stack trace:
#0 {main}
  thrown in C:\Users\ludaf\OneDrive\Projetos\FichasOP\index.php on line 92
[18-Oct-2024 00:26:03 America/Manaus] PHP Fatal error:  Uncaught Error: Failed opening required 'c:/wamp64/projetos/fichasop/pages/404.php' (include_path='.;C:\php\pear') in C:\Users\ludaf\OneDrive\Projetos\FichasOP\index.php:92
Stack trace:
#0 {main}
  thrown in C:\Users\ludaf\OneDrive\Projetos\FichasOP\index.php on line 92
[18-Oct-2024 00:26:17 America/Manaus] PHP Fatal error:  Uncaught Error: Failed opening required 'c:/wamp64/projetos/fichasop/pages/404.php' (include_path='.;C:\php\pear') in C:\Users\ludaf\OneDrive\Projetos\FichasOP\index.php:92
Stack trace:
#0 {main}
  thrown in C:\Users\ludaf\OneDrive\Projetos\FichasOP\index.php on line 92
[18-Oct-2024 00:26:30 America/Manaus] PHP Fatal error:  Uncaught Error: Failed opening required 'c:/wamp64/projetos/fichasop/pages/404.php' (include_path='.;C:\php\pear') in C:\Users\ludaf\OneDrive\Projetos\FichasOP\index.php:92
Stack trace:
#0 {main}
  thrown in C:\Users\ludaf\OneDrive\Projetos\FichasOP\index.php on line 92
[18-Oct-2024 00:26:36 America/Manaus] PHP Fatal error:  Uncaught Error: Failed opening required 'c:/wamp64/projetos/fichasop/pages/404.php' (include_path='.;C:\php\pear') in C:\Users\ludaf\OneDrive\Projetos\FichasOP\index.php:92
Stack trace:
#0 {main}
  thrown in C:\Users\ludaf\OneDrive\Projetos\FichasOP\index.php on line 92
[18-Oct-2024 00:26:52 America/Manaus] PHP Fatal error:  Uncaught Error: Failed opening required 'c:/wamp64/projetos/fichasop/pages/404.php' (include_path='.;C:\php\pear') in C:\Users\ludaf\OneDrive\Projetos\FichasOP\index.php:92
Stack trace:
#0 {main}
  thrown in C:\Users\ludaf\OneDrive\Projetos\FichasOP\index.php on line 92
[18-Oct-2024 00:26:55 America/Manaus] PHP Fatal error:  Uncaught Error: Failed opening required 'c:/wamp64/projetos/fichasop/pages/404.php' (include_path='.;C:\php\pear') in C:\Users\ludaf\OneDrive\Projetos\FichasOP\index.php:92
Stack trace:
#0 {main}
  thrown in C:\Users\ludaf\OneDrive\Projetos\FichasOP\index.php on line 92
[18-Oct-2024 00:27:01 America/Manaus] PHP Fatal error:  Uncaught Error: Failed opening required 'c:/wamp64/projetos/fichasop/pages/404.php' (include_path='.;C:\php\pear') in C:\Users\ludaf\OneDrive\Projetos\FichasOP\index.php:92
Stack trace:
#0 {main}
  thrown in C:\Users\ludaf\OneDrive\Projetos\FichasOP\index.php on line 92
[18-Oct-2024 00:27:18 America/Manaus] PHP Fatal error:  Uncaught Error: Failed opening required 'c:/wamp64/projetos/fichasop/pages/404.php' (include_path='.;C:\php\pear') in C:\Users\ludaf\OneDrive\Projetos\FichasOP\index.php:92
Stack trace:
#0 {main}
  thrown in C:\Users\ludaf\OneDrive\Projetos\FichasOP\index.php on line 92
[18-Oct-2024 00:27:26 America/Manaus] PHP Fatal error:  Uncaught Error: Failed opening required 'c:/wamp64/projetos/fichasop/pages/404.php' (include_path='.;C:\php\pear') in C:\Users\ludaf\OneDrive\Projetos\FichasOP\index.php:92
Stack trace:
#0 {main}
  thrown in C:\Users\ludaf\OneDrive\Projetos\FichasOP\index.php on line 92
[18-Oct-2024 00:27:30 America/Manaus] PHP Fatal error:  Uncaught Error: Failed opening required 'c:/wamp64/projetos/fichasop/pages/404.php' (include_path='.;C:\php\pear') in C:\Users\ludaf\OneDrive\Projetos\FichasOP\index.php:92
Stack trace:
#0 {main}
  thrown in C:\Users\ludaf\OneDrive\Projetos\FichasOP\index.php on line 92
[18-Oct-2024 00:27:34 America/Manaus] PHP Fatal error:  Uncaught Error: Failed opening required 'c:/wamp64/projetos/fichasop/pages/404.php' (include_path='.;C:\php\pear') in C:\Users\ludaf\OneDrive\Projetos\FichasOP\index.php:92
Stack trace:
#0 {main}
  thrown in C:\Users\ludaf\OneDrive\Projetos\FichasOP\index.php on line 92
[18-Oct-2024 00:27:40 America/Manaus] PHP Fatal error:  Uncaught Error: Failed opening required 'c:/wamp64/projetos/fichasop/pages/404.php' (include_path='.;C:\php\pear') in C:\Users\ludaf\OneDrive\Projetos\FichasOP\index.php:92
Stack trace:
#0 {main}
  thrown in C:\Users\ludaf\OneDrive\Projetos\FichasOP\index.php on line 92
[18-Oct-2024 00:27:54 America/Manaus] PHP Fatal error:  Uncaught Error: Failed opening required 'c:/wamp64/projetos/fichasop/pages/404.php' (include_path='.;C:\php\pear') in C:\Users\ludaf\OneDrive\Projetos\FichasOP\index.php:92
Stack trace:
#0 {main}
  thrown in C:\Users\ludaf\OneDrive\Projetos\FichasOP\index.php on line 92
[18-Oct-2024 00:27:56 America/Manaus] PHP Fatal error:  Uncaught Error: Failed opening required 'c:/wamp64/projetos/fichasop/pages/404.php' (include_path='.;C:\php\pear') in C:\Users\ludaf\OneDrive\Projetos\FichasOP\index.php:92
Stack trace:
#0 {main}
  thrown in C:\Users\ludaf\OneDrive\Projetos\FichasOP\index.php on line 92
[18-Oct-2024 00:28:00 America/Manaus] PHP Fatal error:  Uncaught Error: Failed opening required 'c:/wamp64/projetos/fichasop/pages/404.php' (include_path='.;C:\php\pear') in C:\Users\ludaf\OneDrive\Projetos\FichasOP\index.php:92
Stack trace:
#0 {main}
  thrown in C:\Users\ludaf\OneDrive\Projetos\FichasOP\index.php on line 92
[18-Oct-2024 00:28:07 America/Manaus] PHP Fatal error:  Uncaught Error: Failed opening required 'c:/wamp64/projetos/fichasop/pages/404.php' (include_path='.;C:\php\pear') in C:\Users\ludaf\OneDrive\Projetos\FichasOP\index.php:92
Stack trace:
#0 {main}
  thrown in C:\Users\ludaf\OneDrive\Projetos\FichasOP\index.php on line 92
[18-Oct-2024 00:28:52 America/Manaus] PHP Fatal error:  Uncaught Error: Failed opening required 'c:/wamp64/projetos/fichasop/pages/404.php' (include_path='.;C:\php\pear') in C:\Users\ludaf\OneDrive\Projetos\FichasOP\index.php:92
Stack trace:
#0 {main}
  thrown in C:\Users\ludaf\OneDrive\Projetos\FichasOP\index.php on line 92
[18-Oct-2024 00:29:10 America/Manaus] PHP Fatal error:  Uncaught Error: Failed opening required 'c:/wamp64/projetos/fichasop/pages/404.php' (include_path='.;C:\php\pear') in C:\Users\ludaf\OneDrive\Projetos\FichasOP\index.php:92
Stack trace:
#0 {main}
  thrown in C:\Users\ludaf\OneDrive\Projetos\FichasOP\index.php on line 92
[18-Oct-2024 00:29:50 America/Manaus] PHP Fatal error:  Uncaught Error: Failed opening required 'c:/wamp64/projetos/fichasop/pages/404.php' (include_path='.;C:\php\pear') in C:\Users\ludaf\OneDrive\Projetos\FichasOP\index.php:92
Stack trace:
#0 {main}
  thrown in C:\Users\ludaf\OneDrive\Projetos\FichasOP\index.php on line 92
[18-Oct-2024 00:30:23 America/Manaus] PHP Fatal error:  Uncaught Error: Failed opening required 'c:/wamp64/projetos/fichasop/pages/404.php' (include_path='.;C:\php\pear') in C:\Users\ludaf\OneDrive\Projetos\FichasOP\index.php:92
Stack trace:
#0 {main}
  thrown in C:\Users\ludaf\OneDrive\Projetos\FichasOP\index.php on line 92
[18-Oct-2024 00:30:35 America/Manaus] PHP Fatal error:  Uncaught Error: Failed opening required 'c:/wamp64/projetos/fichasop/pages/404.php' (include_path='.;C:\php\pear') in C:\Users\ludaf\OneDrive\Projetos\FichasOP\index.php:92
Stack trace:
#0 {main}
  thrown in C:\Users\ludaf\OneDrive\Projetos\FichasOP\index.php on line 92
[18-Oct-2024 00:30:48 America/Manaus] PHP Fatal error:  Uncaught Error: Failed opening required 'c:/wamp64/projetos/fichasop/pages/404.php' (include_path='.;C:\php\pear') in C:\Users\ludaf\OneDrive\Projetos\FichasOP\index.php:92
Stack trace:
#0 {main}
  thrown in C:\Users\ludaf\OneDrive\Projetos\FichasOP\index.php on line 92
[18-Oct-2024 00:30:53 America/Manaus] PHP Fatal error:  Uncaught Error: Failed opening required 'c:/wamp64/projetos/fichasop/pages/404.php' (include_path='.;C:\php\pear') in C:\Users\ludaf\OneDrive\Projetos\FichasOP\index.php:92
Stack trace:
#0 {main}
  thrown in C:\Users\ludaf\OneDrive\Projetos\FichasOP\index.php on line 92
[18-Oct-2024 00:31:01 America/Manaus] PHP Fatal error:  Uncaught Error: Failed opening required 'c:/wamp64/projetos/fichasop/pages/404.php' (include_path='.;C:\php\pear') in C:\Users\ludaf\OneDrive\Projetos\FichasOP\index.php:92
Stack trace:
#0 {main}
  thrown in C:\Users\ludaf\OneDrive\Projetos\FichasOP\index.php on line 92
[18-Oct-2024 00:31:28 America/Manaus] PHP Fatal error:  Uncaught Error: Failed opening required 'c:/wamp64/projetos/fichasop/pages/404.php' (include_path='.;C:\php\pear') in C:\Users\ludaf\OneDrive\Projetos\FichasOP\index.php:92
Stack trace:
#0 {main}
  thrown in C:\Users\ludaf\OneDrive\Projetos\FichasOP\index.php on line 92
[18-Oct-2024 00:31:34 America/Manaus] PHP Fatal error:  Uncaught Error: Failed opening required 'c:/wamp64/projetos/fichasop/pages/404.php' (include_path='.;C:\php\pear') in C:\Users\ludaf\OneDrive\Projetos\FichasOP\index.php:92
Stack trace:
#0 {main}
  thrown in C:\Users\ludaf\OneDrive\Projetos\FichasOP\index.php on line 92
[18-Oct-2024 00:31:40 America/Manaus] PHP Fatal error:  Uncaught Error: Failed opening required 'c:/wamp64/projetos/fichasop/pages/404.php' (include_path='.;C:\php\pear') in C:\Users\ludaf\OneDrive\Projetos\FichasOP\index.php:92
Stack trace:
#0 {main}
  thrown in C:\Users\ludaf\OneDrive\Projetos\FichasOP\index.php on line 92
[18-Oct-2024 00:31:44 America/Manaus] PHP Fatal error:  Uncaught Error: Failed opening required 'c:/wamp64/projetos/fichasop/pages/404.php' (include_path='.;C:\php\pear') in C:\Users\ludaf\OneDrive\Projetos\FichasOP\index.php:92
Stack trace:
#0 {main}
  thrown in C:\Users\ludaf\OneDrive\Projetos\FichasOP\index.php on line 92
[18-Oct-2024 09:35:30 America/Manaus] PHP Fatal error:  Uncaught Error: Failed opening required 'c:/wamp64/projetos/fichasop/pages/404.php' (include_path='.;C:\php\pear') in C:\Users\ludaf\OneDrive\Projetos\FichasOP\index.php:92
Stack trace:
#0 {main}
  thrown in C:\Users\ludaf\OneDrive\Projetos\FichasOP\index.php on line 92
[18-Oct-2024 09:36:08 America/Manaus] PHP Fatal error:  Uncaught Error: Failed opening required 'c:/wamp64/projetos/fichasop/pages/404.php' (include_path='.;C:\php\pear') in C:\Users\ludaf\OneDrive\Projetos\FichasOP\index.php:92
Stack trace:
#0 {main}
  thrown in C:\Users\ludaf\OneDrive\Projetos\FichasOP\index.php on line 92
[18-Oct-2024 09:36:10 America/Manaus] PHP Fatal error:  Uncaught Error: Failed opening required 'c:/wamp64/projetos/fichasop/pages/404.php' (include_path='.;C:\php\pear') in C:\Users\ludaf\OneDrive\Projetos\FichasOP\index.php:92
Stack trace:
#0 {main}
  thrown in C:\Users\ludaf\OneDrive\Projetos\FichasOP\index.php on line 92
[18-Oct-2024 09:36:11 America/Manaus] PHP Fatal error:  Uncaught Error: Failed opening required 'c:/wamp64/projetos/fichasop/pages/404.php' (include_path='.;C:\php\pear') in C:\Users\ludaf\OneDrive\Projetos\FichasOP\index.php:92
Stack trace:
#0 {main}
  thrown in C:\Users\ludaf\OneDrive\Projetos\FichasOP\index.php on line 92
[18-Oct-2024 09:36:15 America/Manaus] PHP Fatal error:  Uncaught Error: Failed opening required 'c:/wamp64/projetos/fichasop/pages/404.php' (include_path='.;C:\php\pear') in C:\Users\ludaf\OneDrive\Projetos\FichasOP\index.php:92
Stack trace:
#0 {main}
  thrown in C:\Users\ludaf\OneDrive\Projetos\FichasOP\index.php on line 92
[18-Oct-2024 09:36:33 America/Manaus] PHP Fatal error:  Uncaught Error: Failed opening required 'c:/wamp64/projetos/fichasop/pages/404.php' (include_path='.;C:\php\pear') in C:\Users\ludaf\OneDrive\Projetos\FichasOP\index.php:92
Stack trace:
#0 {main}
  thrown in C:\Users\ludaf\OneDrive\Projetos\FichasOP\index.php on line 92
[18-Oct-2024 09:39:29 America/Manaus] PHP Fatal error:  Uncaught Error: Failed opening required 'c:/wamp64/projetos/fichasop/pages/404.php' (include_path='.;C:\php\pear') in C:\Users\ludaf\OneDrive\Projetos\FichasOP\index.php:92
Stack trace:
#0 {main}
  thrown in C:\Users\ludaf\OneDrive\Projetos\FichasOP\index.php on line 92
[18-Oct-2024 09:40:18 America/Manaus] PHP Fatal error:  Uncaught Error: Failed opening required 'c:/wamp64/projetos/fichasop/pages/404.php' (include_path='.;C:\php\pear') in C:\Users\ludaf\OneDrive\Projetos\FichasOP\index.php:92
Stack trace:
#0 {main}
  thrown in C:\Users\ludaf\OneDrive\Projetos\FichasOP\index.php on line 92
[18-Oct-2024 09:40:41 America/Manaus] PHP Fatal error:  Uncaught Error: Failed opening required 'c:/wamp64/projetos/fichasop/pages/404.php' (include_path='.;C:\php\pear') in C:\Users\ludaf\OneDrive\Projetos\FichasOP\index.php:92
Stack trace:
#0 {main}
  thrown in C:\Users\ludaf\OneDrive\Projetos\FichasOP\index.php on line 92
[18-Oct-2024 09:40:47 America/Manaus] PHP Fatal error:  Uncaught Error: Failed opening required 'c:/wamp64/projetos/fichasop/pages/404.php' (include_path='.;C:\php\pear') in C:\Users\ludaf\OneDrive\Projetos\FichasOP\index.php:92
Stack trace:
#0 {main}
  thrown in C:\Users\ludaf\OneDrive\Projetos\FichasOP\index.php on line 92
[18-Oct-2024 09:41:43 America/Manaus] PHP Fatal error:  Uncaught Error: Failed opening required 'c:/wamp64/projetos/fichasop/pages/404.php' (include_path='.;C:\php\pear') in C:\Users\ludaf\OneDrive\Projetos\FichasOP\index.php:92
Stack trace:
#0 {main}
  thrown in C:\Users\ludaf\OneDrive\Projetos\FichasOP\index.php on line 92
[18-Oct-2024 09:41:53 America/Manaus] PHP Fatal error:  Uncaught Error: Failed opening required 'c:/wamp64/projetos/fichasop/pages/404.php' (include_path='.;C:\php\pear') in C:\Users\ludaf\OneDrive\Projetos\FichasOP\index.php:92
Stack trace:
#0 {main}
  thrown in C:\Users\ludaf\OneDrive\Projetos\FichasOP\index.php on line 92
[18-Oct-2024 09:42:10 America/Manaus] PHP Fatal error:  Uncaught Error: Failed opening required 'c:/wamp64/projetos/fichasop/pages/404.php' (include_path='.;C:\php\pear') in C:\Users\ludaf\OneDrive\Projetos\FichasOP\index.php:92
Stack trace:
#0 {main}
  thrown in C:\Users\ludaf\OneDrive\Projetos\FichasOP\index.php on line 92
[18-Oct-2024 09:42:11 America/Manaus] PHP Fatal error:  Uncaught Error: Failed opening required 'c:/wamp64/projetos/fichasop/pages/404.php' (include_path='.;C:\php\pear') in C:\Users\ludaf\OneDrive\Projetos\FichasOP\index.php:92
Stack trace:
#0 {main}
  thrown in C:\Users\ludaf\OneDrive\Projetos\FichasOP\index.php on line 92
[18-Oct-2024 09:42:35 America/Manaus] PHP Fatal error:  Uncaught Error: Failed opening required 'c:/wamp64/projetos/fichasop/pages/404.php' (include_path='.;C:\php\pear') in C:\Users\ludaf\OneDrive\Projetos\FichasOP\index.php:92
Stack trace:
#0 {main}
  thrown in C:\Users\ludaf\OneDrive\Projetos\FichasOP\index.php on line 92
[18-Oct-2024 09:42:55 America/Manaus] PHP Fatal error:  Uncaught Error: Failed opening required 'c:/wamp64/projetos/fichasop/pages/404.php' (include_path='.;C:\php\pear') in C:\Users\ludaf\OneDrive\Projetos\FichasOP\index.php:92
Stack trace:
#0 {main}
  thrown in C:\Users\ludaf\OneDrive\Projetos\FichasOP\index.php on line 92
[18-Oct-2024 09:43:11 America/Manaus] PHP Fatal error:  Uncaught Error: Failed opening required 'c:/wamp64/projetos/fichasop/pages/404.php' (include_path='.;C:\php\pear') in C:\Users\ludaf\OneDrive\Projetos\FichasOP\index.php:92
Stack trace:
#0 {main}
  thrown in C:\Users\ludaf\OneDrive\Projetos\FichasOP\index.php on line 92
[18-Oct-2024 09:43:18 America/Manaus] PHP Fatal error:  Uncaught Error: Failed opening required 'c:/wamp64/projetos/fichasop/pages/404.php' (include_path='.;C:\php\pear') in C:\Users\ludaf\OneDrive\Projetos\FichasOP\index.php:92
Stack trace:
#0 {main}
  thrown in C:\Users\ludaf\OneDrive\Projetos\FichasOP\index.php on line 92
[18-Oct-2024 09:43:24 America/Manaus] PHP Fatal error:  Uncaught Error: Failed opening required 'c:/wamp64/projetos/fichasop/pages/404.php' (include_path='.;C:\php\pear') in C:\Users\ludaf\OneDrive\Projetos\FichasOP\index.php:92
Stack trace:
#0 {main}
  thrown in C:\Users\ludaf\OneDrive\Projetos\FichasOP\index.php on line 92
[18-Oct-2024 09:43:48 America/Manaus] PHP Fatal error:  Uncaught Error: Failed opening required 'c:/wamp64/projetos/fichasop/pages/404.php' (include_path='.;C:\php\pear') in C:\Users\ludaf\OneDrive\Projetos\FichasOP\index.php:92
Stack trace:
#0 {main}
  thrown in C:\Users\ludaf\OneDrive\Projetos\FichasOP\index.php on line 92
[18-Oct-2024 09:43:52 America/Manaus] PHP Fatal error:  Uncaught Error: Failed opening required 'c:/wamp64/projetos/fichasop/pages/404.php' (include_path='.;C:\php\pear') in C:\Users\ludaf\OneDrive\Projetos\FichasOP\index.php:92
Stack trace:
#0 {main}
  thrown in C:\Users\ludaf\OneDrive\Projetos\FichasOP\index.php on line 92
[18-Oct-2024 09:43:55 America/Manaus] PHP Fatal error:  Uncaught Error: Failed opening required 'c:/wamp64/projetos/fichasop/pages/404.php' (include_path='.;C:\php\pear') in C:\Users\ludaf\OneDrive\Projetos\FichasOP\index.php:92
Stack trace:
#0 {main}
  thrown in C:\Users\ludaf\OneDrive\Projetos\FichasOP\index.php on line 92
[18-Oct-2024 09:45:15 America/Manaus] PHP Fatal error:  Uncaught Error: Failed opening required 'c:/wamp64/projetos/fichasop/pages/404.php' (include_path='.;C:\php\pear') in C:\Users\ludaf\OneDrive\Projetos\FichasOP\index.php:92
Stack trace:
#0 {main}
  thrown in C:\Users\ludaf\OneDrive\Projetos\FichasOP\index.php on line 92
[18-Oct-2024 09:45:37 America/Manaus] PHP Fatal error:  Uncaught Error: Failed opening required 'c:/wamp64/projetos/fichasop/pages/404.php' (include_path='.;C:\php\pear') in C:\Users\ludaf\OneDrive\Projetos\FichasOP\index.php:92
Stack trace:
#0 {main}
  thrown in C:\Users\ludaf\OneDrive\Projetos\FichasOP\index.php on line 92
[18-Oct-2024 09:45:38 America/Manaus] PHP Fatal error:  Uncaught Error: Failed opening required 'c:/wamp64/projetos/fichasop/pages/404.php' (include_path='.;C:\php\pear') in C:\Users\ludaf\OneDrive\Projetos\FichasOP\index.php:92
Stack trace:
#0 {main}
  thrown in C:\Users\ludaf\OneDrive\Projetos\FichasOP\index.php on line 92
[18-Oct-2024 09:45:38 America/Manaus] PHP Fatal error:  Uncaught Error: Failed opening required 'c:/wamp64/projetos/fichasop/pages/404.php' (include_path='.;C:\php\pear') in C:\Users\ludaf\OneDrive\Projetos\FichasOP\index.php:92
Stack trace:
#0 {main}
  thrown in C:\Users\ludaf\OneDrive\Projetos\FichasOP\index.php on line 92
[18-Oct-2024 09:53:32 America/Manaus] PHP Fatal error:  Uncaught Error: Failed opening required 'c:/wamp64/projetos/fichasop/pages/404.php' (include_path='.;C:\php\pear') in C:\Users\ludaf\OneDrive\Projetos\FichasOP\index.php:92
Stack trace:
#0 {main}
  thrown in C:\Users\ludaf\OneDrive\Projetos\FichasOP\index.php on line 92
[18-Oct-2024 09:53:50 America/Manaus] PHP Fatal error:  Uncaught Error: Failed opening required 'c:/wamp64/projetos/fichasop/pages/404.php' (include_path='.;C:\php\pear') in C:\Users\ludaf\OneDrive\Projetos\FichasOP\index.php:92
Stack trace:
#0 {main}
  thrown in C:\Users\ludaf\OneDrive\Projetos\FichasOP\index.php on line 92
[18-Oct-2024 09:54:01 America/Manaus] PHP Fatal error:  Uncaught Error: Failed opening required 'c:/wamp64/projetos/fichasop/pages/404.php' (include_path='.;C:\php\pear') in C:\Users\ludaf\OneDrive\Projetos\FichasOP\index.php:92
Stack trace:
#0 {main}
  thrown in C:\Users\ludaf\OneDrive\Projetos\FichasOP\index.php on line 92
[18-Oct-2024 09:54:07 America/Manaus] PHP Fatal error:  Uncaught Error: Failed opening required 'c:/wamp64/projetos/fichasop/pages/404.php' (include_path='.;C:\php\pear') in C:\Users\ludaf\OneDrive\Projetos\FichasOP\index.php:92
Stack trace:
#0 {main}
  thrown in C:\Users\ludaf\OneDrive\Projetos\FichasOP\index.php on line 92
[18-Oct-2024 09:54:22 America/Manaus] PHP Fatal error:  Uncaught Error: Failed opening required 'c:/wamp64/projetos/fichasop/pages/404.php' (include_path='.;C:\php\pear') in C:\Users\ludaf\OneDrive\Projetos\FichasOP\index.php:92
Stack trace:
#0 {main}
  thrown in C:\Users\ludaf\OneDrive\Projetos\FichasOP\index.php on line 92
[18-Oct-2024 09:55:49 America/Manaus] PHP Fatal error:  Uncaught Error: Failed opening required 'c:/wamp64/projetos/fichasop/pages/404.php' (include_path='.;C:\php\pear') in C:\Users\ludaf\OneDrive\Projetos\FichasOP\index.php:92
Stack trace:
#0 {main}
  thrown in C:\Users\ludaf\OneDrive\Projetos\FichasOP\index.php on line 92
[18-Oct-2024 09:55:52 America/Manaus] PHP Fatal error:  Uncaught Error: Failed opening required 'c:/wamp64/projetos/fichasop/pages/404.php' (include_path='.;C:\php\pear') in C:\Users\ludaf\OneDrive\Projetos\FichasOP\index.php:92
Stack trace:
#0 {main}
  thrown in C:\Users\ludaf\OneDrive\Projetos\FichasOP\index.php on line 92
[18-Oct-2024 09:58:16 America/Manaus] PHP Fatal error:  Uncaught Error: Failed opening required 'c:/wamp64/projetos/fichasop/pages/404.php' (include_path='.;C:\php\pear') in C:\Users\ludaf\OneDrive\Projetos\FichasOP\index.php:92
Stack trace:
#0 {main}
  thrown in C:\Users\ludaf\OneDrive\Projetos\FichasOP\index.php on line 92
[18-Oct-2024 09:58:17 America/Manaus] PHP Fatal error:  Uncaught Error: Failed opening required 'c:/wamp64/projetos/fichasop/pages/404.php' (include_path='.;C:\php\pear') in C:\Users\ludaf\OneDrive\Projetos\FichasOP\index.php:92
Stack trace:
#0 {main}
  thrown in C:\Users\ludaf\OneDrive\Projetos\FichasOP\index.php on line 92
[18-Oct-2024 09:58:44 America/Manaus] PHP Fatal error:  Uncaught Error: Failed opening required 'c:/wamp64/projetos/fichasop/pages/404.php' (include_path='.;C:\php\pear') in C:\Users\ludaf\OneDrive\Projetos\FichasOP\index.php:92
Stack trace:
#0 {main}
  thrown in C:\Users\ludaf\OneDrive\Projetos\FichasOP\index.php on line 92
[18-Oct-2024 10:00:35 America/Manaus] PHP Fatal error:  Uncaught Error: Failed opening required 'c:/wamp64/projetos/fichasop/pages/404.php' (include_path='.;C:\php\pear') in C:\Users\ludaf\OneDrive\Projetos\FichasOP\index.php:92
Stack trace:
#0 {main}
  thrown in C:\Users\ludaf\OneDrive\Projetos\FichasOP\index.php on line 92
[18-Oct-2024 10:00:43 America/Manaus] PHP Fatal error:  Uncaught Error: Failed opening required 'c:/wamp64/projetos/fichasop/pages/404.php' (include_path='.;C:\php\pear') in C:\Users\ludaf\OneDrive\Projetos\FichasOP\index.php:92
Stack trace:
#0 {main}
  thrown in C:\Users\ludaf\OneDrive\Projetos\FichasOP\index.php on line 92
[18-Oct-2024 10:00:45 America/Manaus] PHP Fatal error:  Uncaught Error: Failed opening required 'c:/wamp64/projetos/fichasop/pages/404.php' (include_path='.;C:\php\pear') in C:\Users\ludaf\OneDrive\Projetos\FichasOP\index.php:92
Stack trace:
#0 {main}
  thrown in C:\Users\ludaf\OneDrive\Projetos\FichasOP\index.php on line 92
[18-Oct-2024 10:00:47 America/Manaus] PHP Fatal error:  Uncaught Error: Failed opening required 'c:/wamp64/projetos/fichasop/pages/404.php' (include_path='.;C:\php\pear') in C:\Users\ludaf\OneDrive\Projetos\FichasOP\index.php:92
Stack trace:
#0 {main}
  thrown in C:\Users\ludaf\OneDrive\Projetos\FichasOP\index.php on line 92
[18-Oct-2024 10:00:49 America/Manaus] PHP Fatal error:  Uncaught Error: Failed opening required 'c:/wamp64/projetos/fichasop/pages/404.php' (include_path='.;C:\php\pear') in C:\Users\ludaf\OneDrive\Projetos\FichasOP\index.php:92
Stack trace:
#0 {main}
  thrown in C:\Users\ludaf\OneDrive\Projetos\FichasOP\index.php on line 92
[18-Oct-2024 10:00:50 America/Manaus] PHP Fatal error:  Uncaught Error: Failed opening required 'c:/wamp64/projetos/fichasop/pages/404.php' (include_path='.;C:\php\pear') in C:\Users\ludaf\OneDrive\Projetos\FichasOP\index.php:92
Stack trace:
#0 {main}
  thrown in C:\Users\ludaf\OneDrive\Projetos\FichasOP\index.php on line 92
[18-Oct-2024 10:00:53 America/Manaus] PHP Fatal error:  Uncaught Error: Failed opening required 'c:/wamp64/projetos/fichasop/pages/404.php' (include_path='.;C:\php\pear') in C:\Users\ludaf\OneDrive\Projetos\FichasOP\index.php:92
Stack trace:
#0 {main}
  thrown in C:\Users\ludaf\OneDrive\Projetos\FichasOP\index.php on line 92
[18-Oct-2024 10:08:43 America/Manaus] PHP Fatal error:  Uncaught Error: Failed opening required 'c:/wamp64/projetos/fichasop/pages/404.php' (include_path='.;C:\php\pear') in C:\Users\ludaf\OneDrive\Projetos\FichasOP\index.php:92
Stack trace:
#0 {main}
  thrown in C:\Users\ludaf\OneDrive\Projetos\FichasOP\index.php on line 92
[29-Oct-2024 15:45:25 America/Manaus] PHP Fatal error:  Uncaught Error: Failed opening required 'c:/wamp64/projetos/fichasop/pages/404.php' (include_path='.;C:\php\pear') in C:\Users\ludaf\OneDrive\Projetos\FichasOP\index.php:92
Stack trace:
#0 {main}
  thrown in C:\Users\ludaf\OneDrive\Projetos\FichasOP\index.php on line 92
[29-Oct-2024 15:45:26 America/Manaus] PHP Fatal error:  Uncaught Error: Failed opening required 'c:/wamp64/projetos/fichasop/pages/404.php' (include_path='.;C:\php\pear') in C:\Users\ludaf\OneDrive\Projetos\FichasOP\index.php:92
Stack trace:
#0 {main}
  thrown in C:\Users\ludaf\OneDrive\Projetos\FichasOP\index.php on line 92
[29-Oct-2024 15:45:34 America/Manaus] PHP Fatal error:  Uncaught Error: Failed opening required 'c:/wamp64/projetos/fichasop/pages/404.php' (include_path='.;C:\php\pear') in C:\Users\ludaf\OneDrive\Projetos\FichasOP\index.php:92
Stack trace:
#0 {main}
  thrown in C:\Users\ludaf\OneDrive\Projetos\FichasOP\index.php on line 92
[29-Oct-2024 15:45:41 America/Manaus] PHP Fatal error:  Uncaught Error: Failed opening required 'c:/wamp64/projetos/fichasop/pages/404.php' (include_path='.;C:\php\pear') in C:\Users\ludaf\OneDrive\Projetos\FichasOP\index.php:92
Stack trace:
#0 {main}
  thrown in C:\Users\ludaf\OneDrive\Projetos\FichasOP\index.php on line 92
[29-Oct-2024 15:45:43 America/Manaus] PHP Fatal error:  Uncaught Error: Failed opening required 'c:/wamp64/projetos/fichasop/pages/404.php' (include_path='.;C:\php\pear') in C:\Users\ludaf\OneDrive\Projetos\FichasOP\index.php:92
Stack trace:
#0 {main}
  thrown in C:\Users\ludaf\OneDrive\Projetos\FichasOP\index.php on line 92
[29-Oct-2024 16:08:05 America/Manaus] PHP Fatal error:  Uncaught Error: Failed opening required 'c:/wamp64/projetos/fichasop/pages/404.php' (include_path='.;C:\php\pear') in C:\Users\ludaf\OneDrive\Projetos\FichasOP\index.php:92
Stack trace:
#0 {main}
  thrown in C:\Users\ludaf\OneDrive\Projetos\FichasOP\index.php on line 92
[29-Oct-2024 16:08:06 America/Manaus] PHP Fatal error:  Uncaught Error: Failed opening required './../include_geral/etc_resultado_dado.php' (include_path='.;C:\php\pear') in C:\Users\ludaf\OneDrive\Projetos\FichasOP\paginas\mestre\index.php:92
Stack trace:
#0 C:\Users\ludaf\OneDrive\Projetos\FichasOP\index.php(91): include()
#1 {main}
  thrown in C:\Users\ludaf\OneDrive\Projetos\FichasOP\paginas\mestre\index.php on line 92
[29-Oct-2024 16:08:06 America/Manaus] PHP Fatal error:  Uncaught Error: Failed opening required 'c:/wamp64/projetos/fichasop/pages/404.php' (include_path='.;C:\php\pear') in C:\Users\ludaf\OneDrive\Projetos\FichasOP\index.php:92
Stack trace:
#0 {main}
  thrown in C:\Users\ludaf\OneDrive\Projetos\FichasOP\index.php on line 92
[29-Oct-2024 16:08:08 America/Manaus] PHP Fatal error:  Uncaught Error: Failed opening required 'c:/wamp64/projetos/fichasop/pages/404.php' (include_path='.;C:\php\pear') in C:\Users\ludaf\OneDrive\Projetos\FichasOP\index.php:92
Stack trace:
#0 {main}
  thrown in C:\Users\ludaf\OneDrive\Projetos\FichasOP\index.php on line 92
[29-Oct-2024 16:08:11 America/Manaus] PHP Fatal error:  Uncaught Error: Failed opening required 'c:/wamp64/projetos/fichasop/pages/404.php' (include_path='.;C:\php\pear') in C:\Users\ludaf\OneDrive\Projetos\FichasOP\index.php:92
Stack trace:
#0 {main}
  thrown in C:\Users\ludaf\OneDrive\Projetos\FichasOP\index.php on line 92
[29-Oct-2024 16:47:01 America/Manaus] PHP Fatal error:  Uncaught Error: Failed opening required 'c:/wamp64/projetos/fichasop/pages/404.php' (include_path='.;C:\php\pear') in C:\Users\ludaf\OneDrive\Projetos\FichasOP\index.php:92
Stack trace:
#0 {main}
  thrown in C:\Users\ludaf\OneDrive\Projetos\FichasOP\index.php on line 92
[29-Oct-2024 16:47:32 America/Manaus] PHP Fatal error:  Uncaught Error: Failed opening required 'c:/wamp64/projetos/fichasop/pages/404.php' (include_path='.;C:\php\pear') in C:\Users\ludaf\OneDrive\Projetos\FichasOP\index.php:92
Stack trace:
#0 {main}
  thrown in C:\Users\ludaf\OneDrive\Projetos\FichasOP\index.php on line 92
[29-Oct-2024 17:02:57 America/Manaus] PHP Fatal error:  Uncaught Error: Failed opening required 'c:/wamp64/projetos/fichasop/pages/404.php' (include_path='.;C:\php\pear') in C:\Users\ludaf\OneDrive\Projetos\FichasOP\index.php:92
Stack trace:
#0 {main}
  thrown in C:\Users\ludaf\OneDrive\Projetos\FichasOP\index.php on line 92
[29-Oct-2024 17:03:22 America/Manaus] PHP Fatal error:  Uncaught Error: Failed opening required 'c:/wamp64/projetos/fichasop/pages/404.php' (include_path='.;C:\php\pear') in C:\Users\ludaf\OneDrive\Projetos\FichasOP\index.php:92
Stack trace:
#0 {main}
  thrown in C:\Users\ludaf\OneDrive\Projetos\FichasOP\index.php on line 92
[29-Oct-2024 17:03:26 America/Manaus] PHP Fatal error:  Uncaught Error: Failed opening required 'c:/wamp64/projetos/fichasop/pages/404.php' (include_path='.;C:\php\pear') in C:\Users\ludaf\OneDrive\Projetos\FichasOP\index.php:92
Stack trace:
#0 {main}
  thrown in C:\Users\ludaf\OneDrive\Projetos\FichasOP\index.php on line 92
[29-Oct-2024 17:03:32 America/Manaus] PHP Fatal error:  Uncaught Error: Failed opening required 'c:/wamp64/projetos/fichasop/pages/404.php' (include_path='.;C:\php\pear') in C:\Users\ludaf\OneDrive\Projetos\FichasOP\index.php:92
Stack trace:
#0 {main}
  thrown in C:\Users\ludaf\OneDrive\Projetos\FichasOP\index.php on line 92
[29-Oct-2024 17:03:38 America/Manaus] PHP Fatal error:  Uncaught Error: Failed opening required 'c:/wamp64/projetos/fichasop/pages/404.php' (include_path='.;C:\php\pear') in C:\Users\ludaf\OneDrive\Projetos\FichasOP\index.php:92
Stack trace:
#0 {main}
  thrown in C:\Users\ludaf\OneDrive\Projetos\FichasOP\index.php on line 92
[29-Oct-2024 17:03:50 America/Manaus] PHP Fatal error:  Uncaught Error: Failed opening required 'c:/wamp64/projetos/fichasop/pages/404.php' (include_path='.;C:\php\pear') in C:\Users\ludaf\OneDrive\Projetos\FichasOP\index.php:92
Stack trace:
#0 {main}
  thrown in C:\Users\ludaf\OneDrive\Projetos\FichasOP\index.php on line 92
[29-Oct-2024 17:03:53 America/Manaus] PHP Fatal error:  Uncaught Error: Failed opening required 'c:/wamp64/projetos/fichasop/pages/404.php' (include_path='.;C:\php\pear') in C:\Users\ludaf\OneDrive\Projetos\FichasOP\index.php:92
Stack trace:
#0 {main}
  thrown in C:\Users\ludaf\OneDrive\Projetos\FichasOP\index.php on line 92
[29-Oct-2024 17:05:53 America/Manaus] PHP Fatal error:  Uncaught Error: Failed opening required 'c:/wamp64/projetos/fichasop/pages/404.php' (include_path='.;C:\php\pear') in C:\Users\ludaf\OneDrive\Projetos\FichasOP\index.php:92
Stack trace:
#0 {main}
  thrown in C:\Users\ludaf\OneDrive\Projetos\FichasOP\index.php on line 92
[29-Oct-2024 20:57:17 America/Manaus] PHP Fatal error:  Uncaught TypeError: check_session(): Argument #1 ($UserCookie) must be of type string, null given, called in C:\Users\ludaf\OneDrive\Projetos\FichasOP\index.php on line 37 and defined in C:\Users\ludaf\OneDrive\Projetos\FichasOP\config\functions\functions_sistema.php:607
Stack trace:
#0 C:\Users\ludaf\OneDrive\Projetos\FichasOP\index.php(37): check_session(NULL)
#1 {main}
  thrown in C:\Users\ludaf\OneDrive\Projetos\FichasOP\config\functions\functions_sistema.php on line 607
[29-Oct-2024 20:57:17 America/Manaus] PHP Fatal error:  Uncaught TypeError: check_session(): Argument #1 ($UserCookie) must be of type string, null given, called in C:\Users\ludaf\OneDrive\Projetos\FichasOP\index.php on line 37 and defined in C:\Users\ludaf\OneDrive\Projetos\FichasOP\config\functions\functions_sistema.php:607
Stack trace:
#0 C:\Users\ludaf\OneDrive\Projetos\FichasOP\index.php(37): check_session(NULL)
#1 {main}
  thrown in C:\Users\ludaf\OneDrive\Projetos\FichasOP\config\functions\functions_sistema.php on line 607
[29-Oct-2024 20:57:19 America/Manaus] PHP Fatal error:  Uncaught TypeError: check_session(): Argument #1 ($UserCookie) must be of type string, null given, called in C:\Users\ludaf\OneDrive\Projetos\FichasOP\index.php on line 37 and defined in C:\Users\ludaf\OneDrive\Projetos\FichasOP\config\functions\functions_sistema.php:607
Stack trace:
#0 C:\Users\ludaf\OneDrive\Projetos\FichasOP\index.php(37): check_session(NULL)
#1 {main}
  thrown in C:\Users\ludaf\OneDrive\Projetos\FichasOP\config\functions\functions_sistema.php on line 607
[29-Oct-2024 20:57:19 America/Manaus] PHP Fatal error:  Uncaught TypeError: check_session(): Argument #1 ($UserCookie) must be of type string, null given, called in C:\Users\ludaf\OneDrive\Projetos\FichasOP\index.php on line 37 and defined in C:\Users\ludaf\OneDrive\Projetos\FichasOP\config\functions\functions_sistema.php:607
Stack trace:
#0 C:\Users\ludaf\OneDrive\Projetos\FichasOP\index.php(37): check_session(NULL)
#1 {main}
  thrown in C:\Users\ludaf\OneDrive\Projetos\FichasOP\config\functions\functions_sistema.php on line 607
[29-Oct-2024 20:57:22 America/Manaus] PHP Fatal error:  Uncaught TypeError: check_session(): Argument #1 ($UserCookie) must be of type string, null given, called in C:\Users\ludaf\OneDrive\Projetos\FichasOP\index.php on line 37 and defined in C:\Users\ludaf\OneDrive\Projetos\FichasOP\config\functions\functions_sistema.php:607
Stack trace:
#0 C:\Users\ludaf\OneDrive\Projetos\FichasOP\index.php(37): check_session(NULL)
#1 {main}
  thrown in C:\Users\ludaf\OneDrive\Projetos\FichasOP\config\functions\functions_sistema.php on line 607
[29-Oct-2024 20:57:22 America/Manaus] PHP Fatal error:  Uncaught TypeError: check_session(): Argument #1 ($UserCookie) must be of type string, null given, called in C:\Users\ludaf\OneDrive\Projetos\FichasOP\index.php on line 37 and defined in C:\Users\ludaf\OneDrive\Projetos\FichasOP\config\functions\functions_sistema.php:607
Stack trace:
#0 C:\Users\ludaf\OneDrive\Projetos\FichasOP\index.php(37): check_session(NULL)
#1 {main}
  thrown in C:\Users\ludaf\OneDrive\Projetos\FichasOP\config\functions\functions_sistema.php on line 607
[29-Oct-2024 20:57:23 America/Manaus] PHP Fatal error:  Uncaught TypeError: check_session(): Argument #1 ($UserCookie) must be of type string, null given, called in C:\Users\ludaf\OneDrive\Projetos\FichasOP\index.php on line 37 and defined in C:\Users\ludaf\OneDrive\Projetos\FichasOP\config\functions\functions_sistema.php:607
Stack trace:
#0 C:\Users\ludaf\OneDrive\Projetos\FichasOP\index.php(37): check_session(NULL)
#1 {main}
  thrown in C:\Users\ludaf\OneDrive\Projetos\FichasOP\config\functions\functions_sistema.php on line 607
[29-Oct-2024 20:57:23 America/Manaus] PHP Fatal error:  Uncaught TypeError: check_session(): Argument #1 ($UserCookie) must be of type string, null given, called in C:\Users\ludaf\OneDrive\Projetos\FichasOP\index.php on line 37 and defined in C:\Users\ludaf\OneDrive\Projetos\FichasOP\config\functions\functions_sistema.php:607
Stack trace:
#0 C:\Users\ludaf\OneDrive\Projetos\FichasOP\index.php(37): check_session(NULL)
#1 {main}
  thrown in C:\Users\ludaf\OneDrive\Projetos\FichasOP\config\functions\functions_sistema.php on line 607
[29-Oct-2024 20:57:28 America/Manaus] PHP Fatal error:  Uncaught TypeError: check_session(): Argument #1 ($UserCookie) must be of type string, null given, called in C:\Users\ludaf\OneDrive\Projetos\FichasOP\index.php on line 37 and defined in C:\Users\ludaf\OneDrive\Projetos\FichasOP\config\functions\functions_sistema.php:607
Stack trace:
#0 C:\Users\ludaf\OneDrive\Projetos\FichasOP\index.php(37): check_session(NULL)
#1 {main}
  thrown in C:\Users\ludaf\OneDrive\Projetos\FichasOP\config\functions\functions_sistema.php on line 607
[29-Oct-2024 20:57:28 America/Manaus] PHP Fatal error:  Uncaught TypeError: check_session(): Argument #1 ($UserCookie) must be of type string, null given, called in C:\Users\ludaf\OneDrive\Projetos\FichasOP\index.php on line 37 and defined in C:\Users\ludaf\OneDrive\Projetos\FichasOP\config\functions\functions_sistema.php:607
Stack trace:
#0 C:\Users\ludaf\OneDrive\Projetos\FichasOP\index.php(37): check_session(NULL)
#1 {main}
  thrown in C:\Users\ludaf\OneDrive\Projetos\FichasOP\config\functions\functions_sistema.php on line 607
[29-Oct-2024 20:58:20 America/Manaus] PHP Fatal error:  Uncaught TypeError: check_session(): Argument #1 ($UserCookie) must be of type string, null given, called in C:\Users\ludaf\OneDrive\Projetos\FichasOP\index.php on line 37 and defined in C:\Users\ludaf\OneDrive\Projetos\FichasOP\config\functions\functions_sistema.php:607
Stack trace:
#0 C:\Users\ludaf\OneDrive\Projetos\FichasOP\index.php(37): check_session(NULL)
#1 {main}
  thrown in C:\Users\ludaf\OneDrive\Projetos\FichasOP\config\functions\functions_sistema.php on line 607
[29-Oct-2024 20:58:20 America/Manaus] PHP Fatal error:  Uncaught TypeError: check_session(): Argument #1 ($UserCookie) must be of type string, null given, called in C:\Users\ludaf\OneDrive\Projetos\FichasOP\index.php on line 37 and defined in C:\Users\ludaf\OneDrive\Projetos\FichasOP\config\functions\functions_sistema.php:607
Stack trace:
#0 C:\Users\ludaf\OneDrive\Projetos\FichasOP\index.php(37): check_session(NULL)
#1 {main}
  thrown in C:\Users\ludaf\OneDrive\Projetos\FichasOP\config\functions\functions_sistema.php on line 607
[29-Oct-2024 20:58:36 America/Manaus] PHP Fatal error:  Uncaught TypeError: check_session(): Argument #1 ($UserCookie) must be of type string, null given, called in C:\Users\ludaf\OneDrive\Projetos\FichasOP\index.php on line 37 and defined in C:\Users\ludaf\OneDrive\Projetos\FichasOP\config\functions\functions_sistema.php:607
Stack trace:
#0 C:\Users\ludaf\OneDrive\Projetos\FichasOP\index.php(37): check_session(NULL)
#1 {main}
  thrown in C:\Users\ludaf\OneDrive\Projetos\FichasOP\config\functions\functions_sistema.php on line 607
[29-Oct-2024 20:58:36 America/Manaus] PHP Fatal error:  Uncaught TypeError: check_session(): Argument #1 ($UserCookie) must be of type string, null given, called in C:\Users\ludaf\OneDrive\Projetos\FichasOP\index.php on line 37 and defined in C:\Users\ludaf\OneDrive\Projetos\FichasOP\config\functions\functions_sistema.php:607
Stack trace:
#0 C:\Users\ludaf\OneDrive\Projetos\FichasOP\index.php(37): check_session(NULL)
#1 {main}
  thrown in C:\Users\ludaf\OneDrive\Projetos\FichasOP\config\functions\functions_sistema.php on line 607
[29-Oct-2024 20:58:56 America/Manaus] PHP Fatal error:  Uncaught Error: Failed opening required 'c:/wamp64/projetos/fichasop/pages/404.php' (include_path='.;C:\php\pear') in C:\Users\ludaf\OneDrive\Projetos\FichasOP\index.php:92
Stack trace:
#0 {main}
  thrown in C:\Users\ludaf\OneDrive\Projetos\FichasOP\index.php on line 92
[29-Oct-2024 20:59:02 America/Manaus] PHP Fatal error:  Uncaught TypeError: check_session(): Argument #1 ($UserCookie) must be of type string, null given, called in C:\Users\ludaf\OneDrive\Projetos\FichasOP\index.php on line 37 and defined in C:\Users\ludaf\OneDrive\Projetos\FichasOP\config\functions\functions_sistema.php:607
Stack trace:
#0 C:\Users\ludaf\OneDrive\Projetos\FichasOP\index.php(37): check_session(NULL)
#1 {main}
  thrown in C:\Users\ludaf\OneDrive\Projetos\FichasOP\config\functions\functions_sistema.php on line 607
[29-Oct-2024 20:59:02 America/Manaus] PHP Fatal error:  Uncaught TypeError: check_session(): Argument #1 ($UserCookie) must be of type string, null given, called in C:\Users\ludaf\OneDrive\Projetos\FichasOP\index.php on line 37 and defined in C:\Users\ludaf\OneDrive\Projetos\FichasOP\config\functions\functions_sistema.php:607
Stack trace:
#0 C:\Users\ludaf\OneDrive\Projetos\FichasOP\index.php(37): check_session(NULL)
#1 {main}
  thrown in C:\Users\ludaf\OneDrive\Projetos\FichasOP\config\functions\functions_sistema.php on line 607
[29-Oct-2024 20:59:36 America/Manaus] PHP Fatal error:  Uncaught TypeError: check_session(): Argument #1 ($UserCookie) must be of type string, null given, called in C:\Users\ludaf\OneDrive\Projetos\FichasOP\index.php on line 37 and defined in C:\Users\ludaf\OneDrive\Projetos\FichasOP\config\functions\functions_sistema.php:607
Stack trace:
#0 C:\Users\ludaf\OneDrive\Projetos\FichasOP\index.php(37): check_session(NULL)
#1 {main}
  thrown in C:\Users\ludaf\OneDrive\Projetos\FichasOP\config\functions\functions_sistema.php on line 607
[29-Oct-2024 20:59:36 America/Manaus] PHP Fatal error:  Uncaught TypeError: check_session(): Argument #1 ($UserCookie) must be of type string, null given, called in C:\Users\ludaf\OneDrive\Projetos\FichasOP\index.php on line 37 and defined in C:\Users\ludaf\OneDrive\Projetos\FichasOP\config\functions\functions_sistema.php:607
Stack trace:
#0 C:\Users\ludaf\OneDrive\Projetos\FichasOP\index.php(37): check_session(NULL)
#1 {main}
  thrown in C:\Users\ludaf\OneDrive\Projetos\FichasOP\config\functions\functions_sistema.php on line 607
[29-Oct-2024 21:00:37 America/Manaus] PHP Fatal error:  Uncaught Error: Failed opening required 'c:/wamp64/projetos/fichasop/pages/404.php' (include_path='.;C:\php\pear') in C:\Users\ludaf\OneDrive\Projetos\FichasOP\index.php:92
Stack trace:
#0 {main}
  thrown in C:\Users\ludaf\OneDrive\Projetos\FichasOP\index.php on line 92
[29-Oct-2024 21:00:52 America/Manaus] PHP Fatal error:  Uncaught TypeError: logar(): Argument #1 ($login) must be of type string|int, null given, called in C:\Users\ludaf\OneDrive\Projetos\FichasOP\index.php on line 37 and defined in C:\Users\ludaf\OneDrive\Projetos\FichasOP\config\functions\functions_sistema.php:643
Stack trace:
#0 C:\Users\ludaf\OneDrive\Projetos\FichasOP\index.php(37): logar(NULL)
#1 {main}
  thrown in C:\Users\ludaf\OneDrive\Projetos\FichasOP\config\functions\functions_sistema.php on line 643
[29-Oct-2024 21:00:54 America/Manaus] PHP Fatal error:  Uncaught TypeError: logar(): Argument #1 ($login) must be of type string|int, null given, called in C:\Users\ludaf\OneDrive\Projetos\FichasOP\index.php on line 37 and defined in C:\Users\ludaf\OneDrive\Projetos\FichasOP\config\functions\functions_sistema.php:643
Stack trace:
#0 C:\Users\ludaf\OneDrive\Projetos\FichasOP\index.php(37): logar(NULL)
#1 {main}
  thrown in C:\Users\ludaf\OneDrive\Projetos\FichasOP\config\functions\functions_sistema.php on line 643
[29-Oct-2024 21:00:58 America/Manaus] PHP Fatal error:  Uncaught TypeError: logar(): Argument #1 ($login) must be of type string|int, null given, called in C:\Users\ludaf\OneDrive\Projetos\FichasOP\index.php on line 37 and defined in C:\Users\ludaf\OneDrive\Projetos\FichasOP\config\functions\functions_sistema.php:643
Stack trace:
#0 C:\Users\ludaf\OneDrive\Projetos\FichasOP\index.php(37): logar(NULL)
#1 {main}
  thrown in C:\Users\ludaf\OneDrive\Projetos\FichasOP\config\functions\functions_sistema.php on line 643
[29-Oct-2024 21:02:08 America/Manaus] PHP Fatal error:  Uncaught Error: Failed opening required 'c:/wamp64/projetos/fichasop/pages/404.php' (include_path='.;C:\php\pear') in C:\Users\ludaf\OneDrive\Projetos\FichasOP\index.php:92
Stack trace:
#0 {main}
  thrown in C:\Users\ludaf\OneDrive\Projetos\FichasOP\index.php on line 92
[29-Oct-2024 21:02:12 America/Manaus] PHP Fatal error:  Uncaught Error: Failed opening required 'c:/wamp64/projetos/fichasop/pages/404.php' (include_path='.;C:\php\pear') in C:\Users\ludaf\OneDrive\Projetos\FichasOP\index.php:92
Stack trace:
#0 {main}
  thrown in C:\Users\ludaf\OneDrive\Projetos\FichasOP\index.php on line 92
[29-Oct-2024 21:03:24 America/Manaus] PHP Fatal error:  Uncaught Error: Failed opening required 'c:/wamp64/projetos/fichasop/pages/404.php' (include_path='.;C:\php\pear') in C:\Users\ludaf\OneDrive\Projetos\FichasOP\index.php:92
Stack trace:
#0 {main}
  thrown in C:\Users\ludaf\OneDrive\Projetos\FichasOP\index.php on line 92
[29-Oct-2024 21:03:25 America/Manaus] PHP Fatal error:  Uncaught Error: Failed opening required 'c:/wamp64/projetos/fichasop/pages/404.php' (include_path='.;C:\php\pear') in C:\Users\ludaf\OneDrive\Projetos\FichasOP\index.php:92
Stack trace:
#0 {main}
  thrown in C:\Users\ludaf\OneDrive\Projetos\FichasOP\index.php on line 92
[29-Oct-2024 21:03:52 America/Manaus] PHP Fatal error:  Uncaught Error: Failed opening required 'c:/wamp64/projetos/fichasop/pages/404.php' (include_path='.;C:\php\pear') in C:\Users\ludaf\OneDrive\Projetos\FichasOP\index.php:92
Stack trace:
#0 {main}
  thrown in C:\Users\ludaf\OneDrive\Projetos\FichasOP\index.php on line 92
[29-Oct-2024 21:03:55 America/Manaus] PHP Fatal error:  Uncaught Error: Failed opening required 'c:/wamp64/projetos/fichasop/pages/404.php' (include_path='.;C:\php\pear') in C:\Users\ludaf\OneDrive\Projetos\FichasOP\index.php:92
Stack trace:
#0 {main}
  thrown in C:\Users\ludaf\OneDrive\Projetos\FichasOP\index.php on line 92
[29-Oct-2024 21:04:05 America/Manaus] PHP Fatal error:  Uncaught Error: Failed opening required 'c:/wamp64/projetos/fichasop/pages/404.php' (include_path='.;C:\php\pear') in C:\Users\ludaf\OneDrive\Projetos\FichasOP\index.php:92
Stack trace:
#0 {main}
  thrown in C:\Users\ludaf\OneDrive\Projetos\FichasOP\index.php on line 92
[29-Oct-2024 21:04:25 America/Manaus] PHP Fatal error:  Uncaught Error: Failed opening required 'c:/wamp64/projetos/fichasop/pages/404.php' (include_path='.;C:\php\pear') in C:\Users\ludaf\OneDrive\Projetos\FichasOP\index.php:92
Stack trace:
#0 {main}
  thrown in C:\Users\ludaf\OneDrive\Projetos\FichasOP\index.php on line 92
[29-Oct-2024 21:04:28 America/Manaus] PHP Fatal error:  Uncaught Error: Failed opening required 'c:/wamp64/projetos/fichasop/pages/404.php' (include_path='.;C:\php\pear') in C:\Users\ludaf\OneDrive\Projetos\FichasOP\index.php:92
Stack trace:
#0 {main}
  thrown in C:\Users\ludaf\OneDrive\Projetos\FichasOP\index.php on line 92
[29-Oct-2024 21:04:36 America/Manaus] PHP Fatal error:  Uncaught Error: Failed opening required 'c:/wamp64/projetos/fichasop/pages/404.php' (include_path='.;C:\php\pear') in C:\Users\ludaf\OneDrive\Projetos\FichasOP\index.php:92
Stack trace:
#0 {main}
  thrown in C:\Users\ludaf\OneDrive\Projetos\FichasOP\index.php on line 92
[29-Oct-2024 21:05:58 America/Manaus] PHP Fatal error:  Uncaught Error: Failed opening required 'c:/wamp64/projetos/fichasop/pages/404.php' (include_path='.;C:\php\pear') in C:\Users\ludaf\OneDrive\Projetos\FichasOP\index.php:92
Stack trace:
#0 {main}
  thrown in C:\Users\ludaf\OneDrive\Projetos\FichasOP\index.php on line 92
[29-Oct-2024 21:06:12 America/Manaus] PHP Fatal error:  Uncaught Error: Failed opening required 'c:/wamp64/projetos/fichasop/pages/404.php' (include_path='.;C:\php\pear') in C:\Users\ludaf\OneDrive\Projetos\FichasOP\index.php:92
Stack trace:
#0 {main}
  thrown in C:\Users\ludaf\OneDrive\Projetos\FichasOP\index.php on line 92
[29-Oct-2024 21:06:21 America/Manaus] PHP Fatal error:  Uncaught Error: Failed opening required 'c:/wamp64/projetos/fichasop/pages/404.php' (include_path='.;C:\php\pear') in C:\Users\ludaf\OneDrive\Projetos\FichasOP\index.php:92
Stack trace:
#0 {main}
  thrown in C:\Users\ludaf\OneDrive\Projetos\FichasOP\index.php on line 92
[29-Oct-2024 21:06:34 America/Manaus] PHP Fatal error:  Uncaught Error: Failed opening required 'c:/wamp64/projetos/fichasop/pages/404.php' (include_path='.;C:\php\pear') in C:\Users\ludaf\OneDrive\Projetos\FichasOP\index.php:92
Stack trace:
#0 {main}
  thrown in C:\Users\ludaf\OneDrive\Projetos\FichasOP\index.php on line 92
[29-Oct-2024 21:06:38 America/Manaus] PHP Fatal error:  Uncaught Error: Failed opening required 'c:/wamp64/projetos/fichasop/pages/404.php' (include_path='.;C:\php\pear') in C:\Users\ludaf\OneDrive\Projetos\FichasOP\index.php:92
Stack trace:
#0 {main}
  thrown in C:\Users\ludaf\OneDrive\Projetos\FichasOP\index.php on line 92
[29-Oct-2024 21:07:25 America/Manaus] PHP Fatal error:  Uncaught Error: Failed opening required 'c:/wamp64/projetos/fichasop/pages/404.php' (include_path='.;C:\php\pear') in C:\Users\ludaf\OneDrive\Projetos\FichasOP\index.php:92
Stack trace:
#0 {main}
  thrown in C:\Users\ludaf\OneDrive\Projetos\FichasOP\index.php on line 92
[29-Oct-2024 21:38:53 America/Manaus] PHP Fatal error:  Uncaught Error: Failed opening required 'c:/wamp64/projetos/fichasop/pages/404.php' (include_path='.;C:\php\pear') in C:\Users\ludaf\OneDrive\Projetos\FichasOP\index.php:92
Stack trace:
#0 {main}
  thrown in C:\Users\ludaf\OneDrive\Projetos\FichasOP\index.php on line 92
[29-Oct-2024 21:38:54 America/Manaus] PHP Fatal error:  Uncaught Error: Failed opening required 'c:/wamp64/projetos/fichasop/pages/404.php' (include_path='.;C:\php\pear') in C:\Users\ludaf\OneDrive\Projetos\FichasOP\index.php:92
Stack trace:
#0 {main}
  thrown in C:\Users\ludaf\OneDrive\Projetos\FichasOP\index.php on line 92
[29-Oct-2024 21:38:57 America/Manaus] PHP Fatal error:  Uncaught Error: Failed opening required 'c:/wamp64/projetos/fichasop/pages/404.php' (include_path='.;C:\php\pear') in C:\Users\ludaf\OneDrive\Projetos\FichasOP\index.php:92
Stack trace:
#0 {main}
  thrown in C:\Users\ludaf\OneDrive\Projetos\FichasOP\index.php on line 92
[29-Oct-2024 23:09:02 America/Manaus] PHP Fatal error:  Uncaught Error: Failed opening required 'C:\Users\ludaf\OneDrive\Projetos\FichasOP\/pages/404.php' (include_path='.;C:\php\pear') in C:\Users\ludaf\OneDrive\Projetos\FichasOP\index.php:84
Stack trace:
#0 {main}
  thrown in C:\Users\ludaf\OneDrive\Projetos\FichasOP\index.php on line 84
[29-Oct-2024 23:09:17 America/Manaus] PHP Fatal error:  Uncaught Error: Failed opening required 'C:\Users\ludaf\OneDrive\Projetos\FichasOP\/pages/404.php' (include_path='.;C:\php\pear') in C:\Users\ludaf\OneDrive\Projetos\FichasOP\index.php:84
Stack trace:
#0 {main}
  thrown in C:\Users\ludaf\OneDrive\Projetos\FichasOP\index.php on line 84
[29-Oct-2024 23:10:19 America/Manaus] PHP Fatal error:  Uncaught Error: Failed opening required 'C:\Users\ludaf\OneDrive\Projetos\FichasOP\/pages/404.php' (include_path='.;C:\php\pear') in C:\Users\ludaf\OneDrive\Projetos\FichasOP\index.php:84
Stack trace:
#0 {main}
  thrown in C:\Users\ludaf\OneDrive\Projetos\FichasOP\index.php on line 84
[29-Oct-2024 23:11:11 America/Manaus] PHP Fatal error:  Uncaught Error: Failed opening required 'C:\Users\ludaf\OneDrive\Projetos\FichasOP\/pages/404.php' (include_path='.;C:\php\pear') in C:\Users\ludaf\OneDrive\Projetos\FichasOP\index.php:84
Stack trace:
#0 {main}
  thrown in C:\Users\ludaf\OneDrive\Projetos\FichasOP\index.php on line 84
[29-Oct-2024 23:11:28 America/Manaus] PHP Fatal error:  Uncaught Error: Failed opening required 'C:\Users\ludaf\OneDrive\Projetos\FichasOP\/pages/404.php' (include_path='.;C:\php\pear') in C:\Users\ludaf\OneDrive\Projetos\FichasOP\index.php:84
Stack trace:
#0 {main}
  thrown in C:\Users\ludaf\OneDrive\Projetos\FichasOP\index.php on line 84
[29-Oct-2024 23:11:34 America/Manaus] PHP Fatal error:  Uncaught Error: Failed opening required 'C:\Users\ludaf\OneDrive\Projetos\FichasOP\/pages/404.php' (include_path='.;C:\php\pear') in C:\Users\ludaf\OneDrive\Projetos\FichasOP\index.php:84
Stack trace:
#0 {main}
  thrown in C:\Users\ludaf\OneDrive\Projetos\FichasOP\index.php on line 84
[29-Oct-2024 23:11:58 America/Manaus] PHP Fatal error:  Uncaught Error: Failed opening required 'C:\Users\ludaf\OneDrive\Projetos\FichasOP\/pages/404.php' (include_path='.;C:\php\pear') in C:\Users\ludaf\OneDrive\Projetos\FichasOP\index.php:84
Stack trace:
#0 {main}
  thrown in C:\Users\ludaf\OneDrive\Projetos\FichasOP\index.php on line 84
[29-Oct-2024 23:12:04 America/Manaus] PHP Fatal error:  Uncaught Error: Failed opening required 'C:\Users\ludaf\OneDrive\Projetos\FichasOP\/pages/404.php' (include_path='.;C:\php\pear') in C:\Users\ludaf\OneDrive\Projetos\FichasOP\index.php:84
Stack trace:
#0 {main}
  thrown in C:\Users\ludaf\OneDrive\Projetos\FichasOP\index.php on line 84
[29-Oct-2024 23:12:11 America/Manaus] PHP Fatal error:  Uncaught Error: Failed opening required 'C:\Users\ludaf\OneDrive\Projetos\FichasOP\/pages/404.php' (include_path='.;C:\php\pear') in C:\Users\ludaf\OneDrive\Projetos\FichasOP\index.php:84
Stack trace:
#0 {main}
  thrown in C:\Users\ludaf\OneDrive\Projetos\FichasOP\index.php on line 84
[29-Oct-2024 23:12:25 America/Manaus] PHP Fatal error:  Uncaught Error: Failed opening required 'C:\Users\ludaf\OneDrive\Projetos\FichasOP\/pages/404.php' (include_path='.;C:\php\pear') in C:\Users\ludaf\OneDrive\Projetos\FichasOP\index.php:84
Stack trace:
#0 {main}
  thrown in C:\Users\ludaf\OneDrive\Projetos\FichasOP\index.php on line 84
[29-Oct-2024 23:12:33 America/Manaus] PHP Fatal error:  Uncaught Error: Failed opening required 'C:\Users\ludaf\OneDrive\Projetos\FichasOP\/pages/404.php' (include_path='.;C:\php\pear') in C:\Users\ludaf\OneDrive\Projetos\FichasOP\index.php:84
Stack trace:
#0 {main}
  thrown in C:\Users\ludaf\OneDrive\Projetos\FichasOP\index.php on line 84
[29-Oct-2024 23:27:07 America/Manaus] PHP Fatal error:  Uncaught Error: Failed opening required 'C:\Users\ludaf\OneDrive\Projetos\FichasOP\/pages/404.php' (include_path='.;C:\php\pear') in C:\Users\ludaf\OneDrive\Projetos\FichasOP\index.php:84
Stack trace:
#0 {main}
  thrown in C:\Users\ludaf\OneDrive\Projetos\FichasOP\index.php on line 84
[29-Oct-2024 23:27:28 America/Manaus] PHP Fatal error:  Uncaught Error: Failed opening required 'C:\Users\ludaf\OneDrive\Projetos\FichasOP\/pages/404.php' (include_path='.;C:\php\pear') in C:\Users\ludaf\OneDrive\Projetos\FichasOP\index.php:84
Stack trace:
#0 {main}
  thrown in C:\Users\ludaf\OneDrive\Projetos\FichasOP\index.php on line 84
[29-Oct-2024 23:27:31 America/Manaus] PHP Fatal error:  Uncaught Error: Failed opening required 'C:\Users\ludaf\OneDrive\Projetos\FichasOP\/pages/404.php' (include_path='.;C:\php\pear') in C:\Users\ludaf\OneDrive\Projetos\FichasOP\index.php:84
Stack trace:
#0 {main}
  thrown in C:\Users\ludaf\OneDrive\Projetos\FichasOP\index.php on line 84
[29-Oct-2024 23:27:40 America/Manaus] PHP Fatal error:  Uncaught Error: Failed opening required 'C:\Users\ludaf\OneDrive\Projetos\FichasOP\/pages/404.php' (include_path='.;C:\php\pear') in C:\Users\ludaf\OneDrive\Projetos\FichasOP\index.php:84
Stack trace:
#0 {main}
  thrown in C:\Users\ludaf\OneDrive\Projetos\FichasOP\index.php on line 84
[29-Oct-2024 23:27:51 America/Manaus] PHP Fatal error:  Uncaught Error: Failed opening required 'C:\Users\ludaf\OneDrive\Projetos\FichasOP\/pages/404.php' (include_path='.;C:\php\pear') in C:\Users\ludaf\OneDrive\Projetos\FichasOP\index.php:84
Stack trace:
#0 {main}
  thrown in C:\Users\ludaf\OneDrive\Projetos\FichasOP\index.php on line 84
[29-Oct-2024 23:29:22 America/Manaus] PHP Fatal error:  Uncaught Error: Failed opening required 'C:\Users\ludaf\OneDrive\Projetos\FichasOP\/pages/404.php' (include_path='.;C:\php\pear') in C:\Users\ludaf\OneDrive\Projetos\FichasOP\index.php:84
Stack trace:
#0 {main}
  thrown in C:\Users\ludaf\OneDrive\Projetos\FichasOP\index.php on line 84
[29-Oct-2024 23:36:29 America/Manaus] PHP Fatal error:  Uncaught Error: Failed opening required 'C:\Users\ludaf\OneDrive\Projetos\FichasOP\/pages/404.php' (include_path='.;C:\php\pear') in C:\Users\ludaf\OneDrive\Projetos\FichasOP\index.php:84
Stack trace:
#0 {main}
  thrown in C:\Users\ludaf\OneDrive\Projetos\FichasOP\index.php on line 84
[29-Oct-2024 23:37:06 America/Manaus] PHP Fatal error:  Uncaught Error: Failed opening required 'C:\Users\ludaf\OneDrive\Projetos\FichasOP\/pages/404.php' (include_path='.;C:\php\pear') in C:\Users\ludaf\OneDrive\Projetos\FichasOP\index.php:84
Stack trace:
#0 {main}
  thrown in C:\Users\ludaf\OneDrive\Projetos\FichasOP\index.php on line 84
[29-Oct-2024 23:39:42 America/Manaus] PHP Fatal error:  Uncaught Error: Failed opening required 'C:\Users\ludaf\OneDrive\Projetos\FichasOP\/pages/404.php' (include_path='.;C:\php\pear') in C:\Users\ludaf\OneDrive\Projetos\FichasOP\index.php:84
Stack trace:
#0 {main}
  thrown in C:\Users\ludaf\OneDrive\Projetos\FichasOP\index.php on line 84
[29-Oct-2024 23:39:56 America/Manaus] PHP Fatal error:  Uncaught Error: Failed opening required 'C:\Users\ludaf\OneDrive\Projetos\FichasOP\/pages/404.php' (include_path='.;C:\php\pear') in C:\Users\ludaf\OneDrive\Projetos\FichasOP\index.php:84
Stack trace:
#0 {main}
  thrown in C:\Users\ludaf\OneDrive\Projetos\FichasOP\index.php on line 84
[29-Oct-2024 23:40:08 America/Manaus] PHP Fatal error:  Uncaught Error: Failed opening required 'C:\Users\ludaf\OneDrive\Projetos\FichasOP\/pages/404.php' (include_path='.;C:\php\pear') in C:\Users\ludaf\OneDrive\Projetos\FichasOP\index.php:84
Stack trace:
#0 {main}
  thrown in C:\Users\ludaf\OneDrive\Projetos\FichasOP\index.php on line 84
[29-Oct-2024 23:40:10 America/Manaus] PHP Fatal error:  Uncaught Error: Failed opening required 'C:\Users\ludaf\OneDrive\Projetos\FichasOP\/pages/404.php' (include_path='.;C:\php\pear') in C:\Users\ludaf\OneDrive\Projetos\FichasOP\index.php:84
Stack trace:
#0 {main}
  thrown in C:\Users\ludaf\OneDrive\Projetos\FichasOP\index.php on line 84
[29-Oct-2024 23:40:49 America/Manaus] PHP Fatal error:  Uncaught Error: Failed opening required 'C:\Users\ludaf\OneDrive\Projetos\FichasOP\/pages/404.php' (include_path='.;C:\php\pear') in C:\Users\ludaf\OneDrive\Projetos\FichasOP\index.php:84
Stack trace:
#0 {main}
  thrown in C:\Users\ludaf\OneDrive\Projetos\FichasOP\index.php on line 84
[29-Oct-2024 23:41:11 America/Manaus] PHP Fatal error:  Uncaught Error: Failed opening required 'C:\Users\ludaf\OneDrive\Projetos\FichasOP\/pages/404.php' (include_path='.;C:\php\pear') in C:\Users\ludaf\OneDrive\Projetos\FichasOP\index.php:84
Stack trace:
#0 {main}
  thrown in C:\Users\ludaf\OneDrive\Projetos\FichasOP\index.php on line 84
[29-Oct-2024 23:42:43 America/Manaus] PHP Fatal error:  Uncaught Error: Failed opening required 'C:\Users\ludaf\OneDrive\Projetos\FichasOP\/pages/404.php' (include_path='.;C:\php\pear') in C:\Users\ludaf\OneDrive\Projetos\FichasOP\index.php:84
Stack trace:
#0 {main}
  thrown in C:\Users\ludaf\OneDrive\Projetos\FichasOP\index.php on line 84
[29-Oct-2024 23:42:48 America/Manaus] PHP Fatal error:  Uncaught Error: Failed opening required 'C:\Users\ludaf\OneDrive\Projetos\FichasOP\/pages/404.php' (include_path='.;C:\php\pear') in C:\Users\ludaf\OneDrive\Projetos\FichasOP\index.php:84
Stack trace:
#0 {main}
  thrown in C:\Users\ludaf\OneDrive\Projetos\FichasOP\index.php on line 84
[29-Oct-2024 23:42:58 America/Manaus] PHP Fatal error:  Uncaught Error: Failed opening required 'C:\Users\ludaf\OneDrive\Projetos\FichasOP\/pages/404.php' (include_path='.;C:\php\pear') in C:\Users\ludaf\OneDrive\Projetos\FichasOP\index.php:84
Stack trace:
#0 {main}
  thrown in C:\Users\ludaf\OneDrive\Projetos\FichasOP\index.php on line 84
[30-Oct-2024 01:56:17 America/Manaus] PHP Fatal error:  Uncaught Error: Failed opening required 'C:\Users\ludaf\OneDrive\Projetos\FichasOP\/pages/404.php' (include_path='.;C:\php\pear') in C:\Users\ludaf\OneDrive\Projetos\FichasOP\index.php:84
Stack trace:
#0 {main}
  thrown in C:\Users\ludaf\OneDrive\Projetos\FichasOP\index.php on line 84
[30-Oct-2024 01:56:42 America/Manaus] PHP Fatal error:  Uncaught Error: Failed opening required 'C:\Users\ludaf\OneDrive\Projetos\FichasOP\/pages/404.php' (include_path='.;C:\php\pear') in C:\Users\ludaf\OneDrive\Projetos\FichasOP\index.php:84
Stack trace:
#0 {main}
  thrown in C:\Users\ludaf\OneDrive\Projetos\FichasOP\index.php on line 84
[30-Oct-2024 01:56:43 America/Manaus] PHP Fatal error:  Uncaught Error: Failed opening required 'C:\Users\ludaf\OneDrive\Projetos\FichasOP\/pages/404.php' (include_path='.;C:\php\pear') in C:\Users\ludaf\OneDrive\Projetos\FichasOP\index.php:84
Stack trace:
#0 {main}
  thrown in C:\Users\ludaf\OneDrive\Projetos\FichasOP\index.php on line 84
[30-Oct-2024 01:56:51 America/Manaus] PHP Fatal error:  Uncaught Error: Failed opening required 'C:\Users\ludaf\OneDrive\Projetos\FichasOP\/pages/404.php' (include_path='.;C:\php\pear') in C:\Users\ludaf\OneDrive\Projetos\FichasOP\index.php:84
Stack trace:
#0 {main}
  thrown in C:\Users\ludaf\OneDrive\Projetos\FichasOP\index.php on line 84
[30-Oct-2024 02:05:28 America/Manaus] PHP Fatal error:  Uncaught Error: Failed opening required 'C:\Users\ludaf\OneDrive\Projetos\FichasOP\/pages/404.php' (include_path='.;C:\php\pear') in C:\Users\ludaf\OneDrive\Projetos\FichasOP\index.php:84
Stack trace:
#0 {main}
  thrown in C:\Users\ludaf\OneDrive\Projetos\FichasOP\index.php on line 84
[30-Oct-2024 02:05:28 America/Manaus] PHP Fatal error:  Uncaught Error: Failed opening required 'C:\Users\ludaf\OneDrive\Projetos\FichasOP\/pages/404.php' (include_path='.;C:\php\pear') in C:\Users\ludaf\OneDrive\Projetos\FichasOP\index.php:84
Stack trace:
#0 {main}
  thrown in C:\Users\ludaf\OneDrive\Projetos\FichasOP\index.php on line 84
[30-Oct-2024 17:36:59 America/Manaus] PHP Fatal error:  Uncaught Error: Failed opening required 'C:\Users\ludaf\OneDrive\Projetos\FichasOP\/pages/404.php' (include_path='.;C:\php\pear') in C:\Users\ludaf\OneDrive\Projetos\FichasOP\index.php:84
Stack trace:
#0 {main}
  thrown in C:\Users\ludaf\OneDrive\Projetos\FichasOP\index.php on line 84
[30-Oct-2024 17:37:29 America/Manaus] PHP Fatal error:  Uncaught Error: Failed opening required 'C:\Users\ludaf\OneDrive\Projetos\FichasOP\/pages/404.php' (include_path='.;C:\php\pear') in C:\Users\ludaf\OneDrive\Projetos\FichasOP\index.php:84
Stack trace:
#0 {main}
  thrown in C:\Users\ludaf\OneDrive\Projetos\FichasOP\index.php on line 84
[30-Oct-2024 17:37:47 America/Manaus] PHP Fatal error:  Uncaught Error: Failed opening required 'C:\Users\ludaf\OneDrive\Projetos\FichasOP\/pages/404.php' (include_path='.;C:\php\pear') in C:\Users\ludaf\OneDrive\Projetos\FichasOP\index.php:84
Stack trace:
#0 {main}
  thrown in C:\Users\ludaf\OneDrive\Projetos\FichasOP\index.php on line 84
[30-Oct-2024 17:38:41 America/Manaus] PHP Fatal error:  Uncaught Error: Failed opening required 'C:\Users\ludaf\OneDrive\Projetos\FichasOP\/pages/404.php' (include_path='.;C:\php\pear') in C:\Users\ludaf\OneDrive\Projetos\FichasOP\index.php:84
Stack trace:
#0 {main}
  thrown in C:\Users\ludaf\OneDrive\Projetos\FichasOP\index.php on line 84
[30-Oct-2024 17:38:50 America/Manaus] PHP Fatal error:  Uncaught Error: Failed opening required 'C:\Users\ludaf\OneDrive\Projetos\FichasOP\/pages/404.php' (include_path='.;C:\php\pear') in C:\Users\ludaf\OneDrive\Projetos\FichasOP\index.php:84
Stack trace:
#0 {main}
  thrown in C:\Users\ludaf\OneDrive\Projetos\FichasOP\index.php on line 84
[30-Oct-2024 17:39:12 America/Manaus] PHP Fatal error:  Uncaught Error: Failed opening required 'C:\Users\ludaf\OneDrive\Projetos\FichasOP\/pages/404.php' (include_path='.;C:\php\pear') in C:\Users\ludaf\OneDrive\Projetos\FichasOP\index.php:84
Stack trace:
#0 {main}
  thrown in C:\Users\ludaf\OneDrive\Projetos\FichasOP\index.php on line 84
[30-Oct-2024 17:39:21 America/Manaus] PHP Fatal error:  Uncaught Error: Failed opening required 'C:\Users\ludaf\OneDrive\Projetos\FichasOP\/pages/404.php' (include_path='.;C:\php\pear') in C:\Users\ludaf\OneDrive\Projetos\FichasOP\index.php:84
Stack trace:
#0 {main}
  thrown in C:\Users\ludaf\OneDrive\Projetos\FichasOP\index.php on line 84
[30-Oct-2024 17:40:03 America/Manaus] PHP Fatal error:  Uncaught Error: Failed opening required 'C:\Users\ludaf\OneDrive\Projetos\FichasOP\/pages/404.php' (include_path='.;C:\php\pear') in C:\Users\ludaf\OneDrive\Projetos\FichasOP\index.php:84
Stack trace:
#0 {main}
  thrown in C:\Users\ludaf\OneDrive\Projetos\FichasOP\index.php on line 84
[30-Oct-2024 17:40:05 America/Manaus] PHP Fatal error:  Uncaught Error: Failed opening required 'C:\Users\ludaf\OneDrive\Projetos\FichasOP\/pages/404.php' (include_path='.;C:\php\pear') in C:\Users\ludaf\OneDrive\Projetos\FichasOP\index.php:84
Stack trace:
#0 {main}
  thrown in C:\Users\ludaf\OneDrive\Projetos\FichasOP\index.php on line 84
[30-Oct-2024 17:40:20 America/Manaus] PHP Fatal error:  Uncaught Error: Failed opening required 'C:\Users\ludaf\OneDrive\Projetos\FichasOP\/pages/404.php' (include_path='.;C:\php\pear') in C:\Users\ludaf\OneDrive\Projetos\FichasOP\index.php:84
Stack trace:
#0 {main}
  thrown in C:\Users\ludaf\OneDrive\Projetos\FichasOP\index.php on line 84
[30-Oct-2024 17:40:26 America/Manaus] PHP Fatal error:  Uncaught Error: Failed opening required 'C:\Users\ludaf\OneDrive\Projetos\FichasOP\/pages/404.php' (include_path='.;C:\php\pear') in C:\Users\ludaf\OneDrive\Projetos\FichasOP\index.php:84
Stack trace:
#0 {main}
  thrown in C:\Users\ludaf\OneDrive\Projetos\FichasOP\index.php on line 84
[30-Oct-2024 17:40:54 America/Manaus] PHP Fatal error:  Uncaught Error: Failed opening required 'C:\Users\ludaf\OneDrive\Projetos\FichasOP\/pages/404.php' (include_path='.;C:\php\pear') in C:\Users\ludaf\OneDrive\Projetos\FichasOP\index.php:84
Stack trace:
#0 {main}
  thrown in C:\Users\ludaf\OneDrive\Projetos\FichasOP\index.php on line 84
[30-Oct-2024 17:42:51 America/Manaus] PHP Fatal error:  Uncaught Error: Failed opening required 'C:\Users\ludaf\OneDrive\Projetos\FichasOP\/pages/404.php' (include_path='.;C:\php\pear') in C:\Users\ludaf\OneDrive\Projetos\FichasOP\index.php:84
Stack trace:
#0 {main}
  thrown in C:\Users\ludaf\OneDrive\Projetos\FichasOP\index.php on line 84
[30-Oct-2024 17:43:06 America/Manaus] PHP Fatal error:  Uncaught Error: Failed opening required 'C:\Users\ludaf\OneDrive\Projetos\FichasOP\/pages/404.php' (include_path='.;C:\php\pear') in C:\Users\ludaf\OneDrive\Projetos\FichasOP\index.php:84
Stack trace:
#0 {main}
  thrown in C:\Users\ludaf\OneDrive\Projetos\FichasOP\index.php on line 84
[30-Oct-2024 17:43:15 America/Manaus] PHP Fatal error:  Uncaught Error: Failed opening required 'C:\Users\ludaf\OneDrive\Projetos\FichasOP\/pages/404.php' (include_path='.;C:\php\pear') in C:\Users\ludaf\OneDrive\Projetos\FichasOP\index.php:84
Stack trace:
#0 {main}
  thrown in C:\Users\ludaf\OneDrive\Projetos\FichasOP\index.php on line 84
[30-Oct-2024 17:43:21 America/Manaus] PHP Fatal error:  Uncaught Error: Failed opening required 'C:\Users\ludaf\OneDrive\Projetos\FichasOP\/pages/404.php' (include_path='.;C:\php\pear') in C:\Users\ludaf\OneDrive\Projetos\FichasOP\index.php:84
Stack trace:
#0 {main}
  thrown in C:\Users\ludaf\OneDrive\Projetos\FichasOP\index.php on line 84
[30-Oct-2024 17:43:31 America/Manaus] PHP Fatal error:  Uncaught Error: Failed opening required 'C:\Users\ludaf\OneDrive\Projetos\FichasOP\/pages/404.php' (include_path='.;C:\php\pear') in C:\Users\ludaf\OneDrive\Projetos\FichasOP\index.php:84
Stack trace:
#0 {main}
  thrown in C:\Users\ludaf\OneDrive\Projetos\FichasOP\index.php on line 84
[30-Oct-2024 17:43:40 America/Manaus] PHP Fatal error:  Uncaught Error: Failed opening required 'C:\Users\ludaf\OneDrive\Projetos\FichasOP\/pages/404.php' (include_path='.;C:\php\pear') in C:\Users\ludaf\OneDrive\Projetos\FichasOP\index.php:84
Stack trace:
#0 {main}
  thrown in C:\Users\ludaf\OneDrive\Projetos\FichasOP\index.php on line 84
[30-Oct-2024 17:43:44 America/Manaus] PHP Fatal error:  Uncaught Error: Failed opening required 'C:\Users\ludaf\OneDrive\Projetos\FichasOP\/pages/404.php' (include_path='.;C:\php\pear') in C:\Users\ludaf\OneDrive\Projetos\FichasOP\index.php:84
Stack trace:
#0 {main}
  thrown in C:\Users\ludaf\OneDrive\Projetos\FichasOP\index.php on line 84
[30-Oct-2024 17:43:48 America/Manaus] PHP Fatal error:  Uncaught Error: Failed opening required 'C:\Users\ludaf\OneDrive\Projetos\FichasOP\/pages/404.php' (include_path='.;C:\php\pear') in C:\Users\ludaf\OneDrive\Projetos\FichasOP\index.php:84
Stack trace:
#0 {main}
  thrown in C:\Users\ludaf\OneDrive\Projetos\FichasOP\index.php on line 84
[09-Nov-2024 20:07:24 America/Manaus] PHP Fatal error:  Uncaught Error: Failed opening required 'C:\Users\ludaf\OneDrive\Projetos\FichasOP\/pages/404.php' (include_path='.;C:\php\pear') in C:\Users\ludaf\OneDrive\Projetos\FichasOP\index.php:84
Stack trace:
#0 {main}
  thrown in C:\Users\ludaf\OneDrive\Projetos\FichasOP\index.php on line 84
[09-Nov-2024 20:07:34 America/Manaus] PHP Fatal error:  Uncaught Error: Failed opening required 'C:\Users\ludaf\OneDrive\Projetos\FichasOP\/pages/404.php' (include_path='.;C:\php\pear') in C:\Users\ludaf\OneDrive\Projetos\FichasOP\index.php:84
Stack trace:
#0 {main}
  thrown in C:\Users\ludaf\OneDrive\Projetos\FichasOP\index.php on line 84
[09-Nov-2024 20:07:36 America/Manaus] PHP Fatal error:  Uncaught Error: Failed opening required 'C:\Users\ludaf\OneDrive\Projetos\FichasOP\/pages/404.php' (include_path='.;C:\php\pear') in C:\Users\ludaf\OneDrive\Projetos\FichasOP\index.php:84
Stack trace:
#0 {main}
  thrown in C:\Users\ludaf\OneDrive\Projetos\FichasOP\index.php on line 84
[09-Nov-2024 20:07:40 America/Manaus] PHP Fatal error:  Uncaught Error: Failed opening required 'C:\Users\ludaf\OneDrive\Projetos\FichasOP\/paginas/ficha/ficha/atualizar.php' (include_path='.;C:\php\pear') in C:\Users\ludaf\OneDrive\Projetos\FichasOP\paginas\ficha\index.php:136
Stack trace:
#0 C:\Users\ludaf\OneDrive\Projetos\FichasOP\index.php(83): include()
#1 {main}
  thrown in C:\Users\ludaf\OneDrive\Projetos\FichasOP\paginas\ficha\index.php on line 136
[09-Nov-2024 20:07:40 America/Manaus] PHP Fatal error:  Uncaught Error: Failed opening required 'C:\Users\ludaf\OneDrive\Projetos\FichasOP\/pages/404.php' (include_path='.;C:\php\pear') in C:\Users\ludaf\OneDrive\Projetos\FichasOP\index.php:84
Stack trace:
#0 {main}
  thrown in C:\Users\ludaf\OneDrive\Projetos\FichasOP\index.php on line 84
[09-Nov-2024 20:07:41 America/Manaus] PHP Fatal error:  Uncaught Error: Failed opening required 'C:\Users\ludaf\OneDrive\Projetos\FichasOP\/pages/404.php' (include_path='.;C:\php\pear') in C:\Users\ludaf\OneDrive\Projetos\FichasOP\index.php:84
Stack trace:
#0 {main}
  thrown in C:\Users\ludaf\OneDrive\Projetos\FichasOP\index.php on line 84
[09-Nov-2024 20:07:43 America/Manaus] PHP Fatal error:  Uncaught Error: Failed opening required 'C:\Users\ludaf\OneDrive\Projetos\FichasOP\/paginas/ficha/ficha/atualizar.php' (include_path='.;C:\php\pear') in C:\Users\ludaf\OneDrive\Projetos\FichasOP\paginas\ficha\index.php:136
Stack trace:
#0 C:\Users\ludaf\OneDrive\Projetos\FichasOP\index.php(83): include()
#1 {main}
  thrown in C:\Users\ludaf\OneDrive\Projetos\FichasOP\paginas\ficha\index.php on line 136
[09-Nov-2024 20:07:43 America/Manaus] PHP Fatal error:  Uncaught Error: Failed opening required 'C:\Users\ludaf\OneDrive\Projetos\FichasOP\/pages/404.php' (include_path='.;C:\php\pear') in C:\Users\ludaf\OneDrive\Projetos\FichasOP\index.php:84
Stack trace:
#0 {main}
  thrown in C:\Users\ludaf\OneDrive\Projetos\FichasOP\index.php on line 84
[09-Nov-2024 20:08:10 America/Manaus] PHP Fatal error:  Uncaught Error: Failed opening required 'C:\Users\ludaf\OneDrive\Projetos\FichasOP\/paginas/ficha/ficha/modal_inventario.php' (include_path='.;C:\php\pear') in C:\Users\ludaf\OneDrive\Projetos\FichasOP\paginas\ficha\index.php:182
Stack trace:
#0 C:\Users\ludaf\OneDrive\Projetos\FichasOP\index.php(83): include()
#1 {main}
  thrown in C:\Users\ludaf\OneDrive\Projetos\FichasOP\paginas\ficha\index.php on line 182
[09-Nov-2024 20:08:10 America/Manaus] PHP Fatal error:  Uncaught Error: Failed opening required 'C:\Users\ludaf\OneDrive\Projetos\FichasOP\/pages/404.php' (include_path='.;C:\php\pear') in C:\Users\ludaf\OneDrive\Projetos\FichasOP\index.php:84
Stack trace:
#0 {main}
  thrown in C:\Users\ludaf\OneDrive\Projetos\FichasOP\index.php on line 84
[09-Nov-2024 20:09:15 America/Manaus] PHP Fatal error:  Uncaught Error: Failed opening required 'C:\Users\ludaf\OneDrive\Projetos\FichasOP\/pages/404.php' (include_path='.;C:\php\pear') in C:\Users\ludaf\OneDrive\Projetos\FichasOP\index.php:84
Stack trace:
#0 {main}
  thrown in C:\Users\ludaf\OneDrive\Projetos\FichasOP\index.php on line 84
[09-Nov-2024 20:09:15 America/Manaus] PHP Fatal error:  Uncaught Error: Failed opening required 'C:\Users\ludaf\OneDrive\Projetos\FichasOP\/pages/404.php' (include_path='.;C:\php\pear') in C:\Users\ludaf\OneDrive\Projetos\FichasOP\index.php:84
Stack trace:
#0 {main}
  thrown in C:\Users\ludaf\OneDrive\Projetos\FichasOP\index.php on line 84
[09-Nov-2024 20:09:15 America/Manaus] PHP Fatal error:  Uncaught Error: Failed opening required 'C:\Users\ludaf\OneDrive\Projetos\FichasOP\/pages/404.php' (include_path='.;C:\php\pear') in C:\Users\ludaf\OneDrive\Projetos\FichasOP\index.php:84
Stack trace:
#0 {main}
  thrown in C:\Users\ludaf\OneDrive\Projetos\FichasOP\index.php on line 84
[09-Nov-2024 20:09:15 America/Manaus] PHP Fatal error:  Uncaught Error: Failed opening required 'C:\Users\ludaf\OneDrive\Projetos\FichasOP\/pages/404.php' (include_path='.;C:\php\pear') in C:\Users\ludaf\OneDrive\Projetos\FichasOP\index.php:84
Stack trace:
#0 {main}
  thrown in C:\Users\ludaf\OneDrive\Projetos\FichasOP\index.php on line 84
[09-Nov-2024 20:09:49 America/Manaus] PHP Fatal error:  Uncaught Error: Failed opening required 'C:\Users\ludaf\OneDrive\Projetos\FichasOP\/pages/404.php' (include_path='.;C:\php\pear') in C:\Users\ludaf\OneDrive\Projetos\FichasOP\index.php:84
Stack trace:
#0 {main}
  thrown in C:\Users\ludaf\OneDrive\Projetos\FichasOP\index.php on line 84
[09-Nov-2024 20:10:12 America/Manaus] PHP Fatal error:  Uncaught Error: Failed opening required 'C:\Users\ludaf\OneDrive\Projetos\FichasOP\/pages/404.php' (include_path='.;C:\php\pear') in C:\Users\ludaf\OneDrive\Projetos\FichasOP\index.php:84
Stack trace:
#0 {main}
  thrown in C:\Users\ludaf\OneDrive\Projetos\FichasOP\index.php on line 84
[09-Nov-2024 20:30:50 America/Manaus] PHP Fatal error:  Uncaught Error: Failed opening required 'C:\Users\ludaf\OneDrive\Projetos\FichasOP\/pages/404.php' (include_path='.;C:\php\pear') in C:\Users\ludaf\OneDrive\Projetos\FichasOP\index.php:84
Stack trace:
#0 {main}
  thrown in C:\Users\ludaf\OneDrive\Projetos\FichasOP\index.php on line 84
[09-Nov-2024 20:31:19 America/Manaus] PHP Fatal error:  Uncaught Error: Failed opening required 'C:\Users\ludaf\OneDrive\Projetos\FichasOP\/pages/404.php' (include_path='.;C:\php\pear') in C:\Users\ludaf\OneDrive\Projetos\FichasOP\index.php:84
Stack trace:
#0 {main}
  thrown in C:\Users\ludaf\OneDrive\Projetos\FichasOP\index.php on line 84
[09-Nov-2024 20:31:44 America/Manaus] PHP Fatal error:  Uncaught Error: Failed opening required 'C:\Users\ludaf\OneDrive\Projetos\FichasOP\/pages/404.php' (include_path='.;C:\php\pear') in C:\Users\ludaf\OneDrive\Projetos\FichasOP\index.php:84
Stack trace:
#0 {main}
  thrown in C:\Users\ludaf\OneDrive\Projetos\FichasOP\index.php on line 84
[09-Nov-2024 20:33:03 America/Manaus] PHP Fatal error:  Uncaught Error: Failed opening required 'C:\Users\ludaf\OneDrive\Projetos\FichasOP\/pages/404.php' (include_path='.;C:\php\pear') in C:\Users\ludaf\OneDrive\Projetos\FichasOP\index.php:84
Stack trace:
#0 {main}
  thrown in C:\Users\ludaf\OneDrive\Projetos\FichasOP\index.php on line 84
[09-Nov-2024 20:38:53 America/Manaus] PHP Fatal error:  Uncaught Error: Failed opening required 'C:\Users\ludaf\OneDrive\Projetos\FichasOP\/pages/404.php' (include_path='.;C:\php\pear') in C:\Users\ludaf\OneDrive\Projetos\FichasOP\index.php:84
Stack trace:
#0 {main}
  thrown in C:\Users\ludaf\OneDrive\Projetos\FichasOP\index.php on line 84
[09-Nov-2024 20:40:17 America/Manaus] PHP Fatal error:  Uncaught Error: Failed opening required 'C:\Users\ludaf\OneDrive\Projetos\FichasOP\/pages/404.php' (include_path='.;C:\php\pear') in C:\Users\ludaf\OneDrive\Projetos\FichasOP\index.php:84
Stack trace:
#0 {main}
  thrown in C:\Users\ludaf\OneDrive\Projetos\FichasOP\index.php on line 84
[09-Nov-2024 20:40:17 America/Manaus] PHP Fatal error:  Uncaught Error: Failed opening required 'C:\Users\ludaf\OneDrive\Projetos\FichasOP\/pages/404.php' (include_path='.;C:\php\pear') in C:\Users\ludaf\OneDrive\Projetos\FichasOP\index.php:84
Stack trace:
#0 {main}
  thrown in C:\Users\ludaf\OneDrive\Projetos\FichasOP\index.php on line 84
[09-Nov-2024 20:40:18 America/Manaus] PHP Fatal error:  Uncaught Error: Failed opening required 'C:\Users\ludaf\OneDrive\Projetos\FichasOP\/pages/404.php' (include_path='.;C:\php\pear') in C:\Users\ludaf\OneDrive\Projetos\FichasOP\index.php:84
Stack trace:
#0 {main}
  thrown in C:\Users\ludaf\OneDrive\Projetos\FichasOP\index.php on line 84
[09-Nov-2024 20:40:31 America/Manaus] PHP Fatal error:  Uncaught Error: Failed opening required 'C:\Users\ludaf\OneDrive\Projetos\FichasOP\/pages/404.php' (include_path='.;C:\php\pear') in C:\Users\ludaf\OneDrive\Projetos\FichasOP\index.php:84
Stack trace:
#0 {main}
  thrown in C:\Users\ludaf\OneDrive\Projetos\FichasOP\index.php on line 84
[09-Nov-2024 20:40:32 America/Manaus] PHP Fatal error:  Uncaught Error: Failed opening required 'C:\Users\ludaf\OneDrive\Projetos\FichasOP\/pages/404.php' (include_path='.;C:\php\pear') in C:\Users\ludaf\OneDrive\Projetos\FichasOP\index.php:84
Stack trace:
#0 {main}
  thrown in C:\Users\ludaf\OneDrive\Projetos\FichasOP\index.php on line 84
[09-Nov-2024 20:42:58 America/Manaus] PHP Fatal error:  Uncaught Error: Failed opening required 'C:\Users\ludaf\OneDrive\Projetos\FichasOP\/pages/404.php' (include_path='.;C:\php\pear') in C:\Users\ludaf\OneDrive\Projetos\FichasOP\index.php:84
Stack trace:
#0 {main}
  thrown in C:\Users\ludaf\OneDrive\Projetos\FichasOP\index.php on line 84
[09-Nov-2024 20:42:59 America/Manaus] PHP Fatal error:  Uncaught Error: Failed opening required 'C:\Users\ludaf\OneDrive\Projetos\FichasOP\/pages/404.php' (include_path='.;C:\php\pear') in C:\Users\ludaf\OneDrive\Projetos\FichasOP\index.php:84
Stack trace:
#0 {main}
  thrown in C:\Users\ludaf\OneDrive\Projetos\FichasOP\index.php on line 84
[09-Nov-2024 20:43:25 America/Manaus] PHP Fatal error:  Uncaught Error: Failed opening required 'C:\Users\ludaf\OneDrive\Projetos\FichasOP\/pages/404.php' (include_path='.;C:\php\pear') in C:\Users\ludaf\OneDrive\Projetos\FichasOP\index.php:84
Stack trace:
#0 {main}
  thrown in C:\Users\ludaf\OneDrive\Projetos\FichasOP\index.php on line 84
[09-Nov-2024 20:43:26 America/Manaus] PHP Fatal error:  Uncaught Error: Failed opening required 'C:\Users\ludaf\OneDrive\Projetos\FichasOP\/pages/404.php' (include_path='.;C:\php\pear') in C:\Users\ludaf\OneDrive\Projetos\FichasOP\index.php:84
Stack trace:
#0 {main}
  thrown in C:\Users\ludaf\OneDrive\Projetos\FichasOP\index.php on line 84
[09-Nov-2024 20:43:56 America/Manaus] PHP Fatal error:  Uncaught Error: Failed opening required 'C:\Users\ludaf\OneDrive\Projetos\FichasOP\/pages/404.php' (include_path='.;C:\php\pear') in C:\Users\ludaf\OneDrive\Projetos\FichasOP\index.php:84
Stack trace:
#0 {main}
  thrown in C:\Users\ludaf\OneDrive\Projetos\FichasOP\index.php on line 84
[09-Nov-2024 20:45:12 America/Manaus] PHP Fatal error:  Uncaught Error: Failed opening required 'C:\Users\ludaf\OneDrive\Projetos\FichasOP\/pages/404.php' (include_path='.;C:\php\pear') in C:\Users\ludaf\OneDrive\Projetos\FichasOP\index.php:84
Stack trace:
#0 {main}
  thrown in C:\Users\ludaf\OneDrive\Projetos\FichasOP\index.php on line 84
[09-Nov-2024 20:45:41 America/Manaus] PHP Fatal error:  Uncaught Error: Failed opening required 'C:\Users\ludaf\OneDrive\Projetos\FichasOP\/pages/404.php' (include_path='.;C:\php\pear') in C:\Users\ludaf\OneDrive\Projetos\FichasOP\index.php:84
Stack trace:
#0 {main}
  thrown in C:\Users\ludaf\OneDrive\Projetos\FichasOP\index.php on line 84
[09-Nov-2024 20:46:19 America/Manaus] PHP Fatal error:  Uncaught Error: Failed opening required 'C:\Users\ludaf\OneDrive\Projetos\FichasOP\/pages/404.php' (include_path='.;C:\php\pear') in C:\Users\ludaf\OneDrive\Projetos\FichasOP\index.php:84
Stack trace:
#0 {main}
  thrown in C:\Users\ludaf\OneDrive\Projetos\FichasOP\index.php on line 84
[09-Nov-2024 20:46:29 America/Manaus] PHP Fatal error:  Uncaught Error: Failed opening required 'C:\Users\ludaf\OneDrive\Projetos\FichasOP\/pages/404.php' (include_path='.;C:\php\pear') in C:\Users\ludaf\OneDrive\Projetos\FichasOP\index.php:84
Stack trace:
#0 {main}
  thrown in C:\Users\ludaf\OneDrive\Projetos\FichasOP\index.php on line 84
[09-Nov-2024 20:47:13 America/Manaus] PHP Fatal error:  Uncaught Error: Failed opening required 'C:\Users\ludaf\OneDrive\Projetos\FichasOP\/pages/404.php' (include_path='.;C:\php\pear') in C:\Users\ludaf\OneDrive\Projetos\FichasOP\index.php:84
Stack trace:
#0 {main}
  thrown in C:\Users\ludaf\OneDrive\Projetos\FichasOP\index.php on line 84
[09-Nov-2024 20:50:36 America/Manaus] PHP Fatal error:  Uncaught Error: Failed opening required 'C:\Users\ludaf\OneDrive\Projetos\FichasOP\/pages/404.php' (include_path='.;C:\php\pear') in C:\Users\ludaf\OneDrive\Projetos\FichasOP\index.php:84
Stack trace:
#0 {main}
  thrown in C:\Users\ludaf\OneDrive\Projetos\FichasOP\index.php on line 84
[09-Nov-2024 20:51:30 America/Manaus] PHP Fatal error:  Uncaught Error: Failed opening required 'C:\Users\ludaf\OneDrive\Projetos\FichasOP\/pages/404.php' (include_path='.;C:\php\pear') in C:\Users\ludaf\OneDrive\Projetos\FichasOP\index.php:84
Stack trace:
#0 {main}
  thrown in C:\Users\ludaf\OneDrive\Projetos\FichasOP\index.php on line 84
[09-Nov-2024 20:52:26 America/Manaus] PHP Fatal error:  Uncaught Error: Failed opening required 'C:\Users\ludaf\OneDrive\Projetos\FichasOP\/pages/404.php' (include_path='.;C:\php\pear') in C:\Users\ludaf\OneDrive\Projetos\FichasOP\index.php:84
Stack trace:
#0 {main}
  thrown in C:\Users\ludaf\OneDrive\Projetos\FichasOP\index.php on line 84
[09-Nov-2024 20:52:51 America/Manaus] PHP Fatal error:  Uncaught Error: Failed opening required 'C:\Users\ludaf\OneDrive\Projetos\FichasOP\/pages/404.php' (include_path='.;C:\php\pear') in C:\Users\ludaf\OneDrive\Projetos\FichasOP\index.php:84
Stack trace:
#0 {main}
  thrown in C:\Users\ludaf\OneDrive\Projetos\FichasOP\index.php on line 84
[09-Nov-2024 20:52:57 America/Manaus] PHP Fatal error:  Uncaught Error: Failed opening required 'C:\Users\ludaf\OneDrive\Projetos\FichasOP\/pages/404.php' (include_path='.;C:\php\pear') in C:\Users\ludaf\OneDrive\Projetos\FichasOP\index.php:84
Stack trace:
#0 {main}
  thrown in C:\Users\ludaf\OneDrive\Projetos\FichasOP\index.php on line 84
[09-Nov-2024 20:55:02 America/Manaus] PHP Fatal error:  Uncaught Error: Failed opening required 'C:\Users\ludaf\OneDrive\Projetos\FichasOP\/pages/404.php' (include_path='.;C:\php\pear') in C:\Users\ludaf\OneDrive\Projetos\FichasOP\index.php:84
Stack trace:
#0 {main}
  thrown in C:\Users\ludaf\OneDrive\Projetos\FichasOP\index.php on line 84
[09-Nov-2024 20:55:16 America/Manaus] PHP Fatal error:  Uncaught Error: Failed opening required 'C:\Users\ludaf\OneDrive\Projetos\FichasOP\/pages/404.php' (include_path='.;C:\php\pear') in C:\Users\ludaf\OneDrive\Projetos\FichasOP\index.php:84
Stack trace:
#0 {main}
  thrown in C:\Users\ludaf\OneDrive\Projetos\FichasOP\index.php on line 84
[09-Nov-2024 20:55:30 America/Manaus] PHP Fatal error:  Uncaught Error: Failed opening required 'C:\Users\ludaf\OneDrive\Projetos\FichasOP\/pages/404.php' (include_path='.;C:\php\pear') in C:\Users\ludaf\OneDrive\Projetos\FichasOP\index.php:84
Stack trace:
#0 {main}
  thrown in C:\Users\ludaf\OneDrive\Projetos\FichasOP\index.php on line 84
[09-Nov-2024 20:55:40 America/Manaus] PHP Fatal error:  Uncaught Error: Failed opening required 'C:\Users\ludaf\OneDrive\Projetos\FichasOP\/pages/404.php' (include_path='.;C:\php\pear') in C:\Users\ludaf\OneDrive\Projetos\FichasOP\index.php:84
Stack trace:
#0 {main}
  thrown in C:\Users\ludaf\OneDrive\Projetos\FichasOP\index.php on line 84
[09-Nov-2024 20:56:10 America/Manaus] PHP Fatal error:  Uncaught Error: Failed opening required 'C:\Users\ludaf\OneDrive\Projetos\FichasOP\/pages/404.php' (include_path='.;C:\php\pear') in C:\Users\ludaf\OneDrive\Projetos\FichasOP\index.php:84
Stack trace:
#0 {main}
  thrown in C:\Users\ludaf\OneDrive\Projetos\FichasOP\index.php on line 84
[09-Nov-2024 21:25:14 America/Manaus] PHP Fatal error:  Uncaught Error: Failed opening required 'C:\Users\ludaf\OneDrive\Projetos\FichasOP\/pages/404.php' (include_path='.;C:\php\pear') in C:\Users\ludaf\OneDrive\Projetos\FichasOP\index.php:84
Stack trace:
#0 {main}
  thrown in C:\Users\ludaf\OneDrive\Projetos\FichasOP\index.php on line 84
[09-Nov-2024 21:25:23 America/Manaus] PHP Fatal error:  Uncaught Error: Failed opening required 'C:\Users\ludaf\OneDrive\Projetos\FichasOP\/pages/404.php' (include_path='.;C:\php\pear') in C:\Users\ludaf\OneDrive\Projetos\FichasOP\index.php:84
Stack trace:
#0 {main}
  thrown in C:\Users\ludaf\OneDrive\Projetos\FichasOP\index.php on line 84
[09-Nov-2024 21:25:25 America/Manaus] PHP Fatal error:  Uncaught Error: Failed opening required 'C:\Users\ludaf\OneDrive\Projetos\FichasOP\/pages/404.php' (include_path='.;C:\php\pear') in C:\Users\ludaf\OneDrive\Projetos\FichasOP\index.php:84
Stack trace:
#0 {main}
  thrown in C:\Users\ludaf\OneDrive\Projetos\FichasOP\index.php on line 84
[09-Nov-2024 21:25:36 America/Manaus] PHP Fatal error:  Uncaught Error: Failed opening required 'C:\Users\ludaf\OneDrive\Projetos\FichasOP\/pages/404.php' (include_path='.;C:\php\pear') in C:\Users\ludaf\OneDrive\Projetos\FichasOP\index.php:84
Stack trace:
#0 {main}
  thrown in C:\Users\ludaf\OneDrive\Projetos\FichasOP\index.php on line 84
[09-Nov-2024 21:25:59 America/Manaus] PHP Fatal error:  Uncaught Error: Failed opening required 'C:\Users\ludaf\OneDrive\Projetos\FichasOP\/pages/404.php' (include_path='.;C:\php\pear') in C:\Users\ludaf\OneDrive\Projetos\FichasOP\index.php:84
Stack trace:
#0 {main}
  thrown in C:\Users\ludaf\OneDrive\Projetos\FichasOP\index.php on line 84
[09-Nov-2024 21:26:45 America/Manaus] PHP Fatal error:  Uncaught Error: Failed opening required 'C:\Users\ludaf\OneDrive\Projetos\FichasOP\/pages/404.php' (include_path='.;C:\php\pear') in C:\Users\ludaf\OneDrive\Projetos\FichasOP\index.php:84
Stack trace:
#0 {main}
  thrown in C:\Users\ludaf\OneDrive\Projetos\FichasOP\index.php on line 84
[09-Nov-2024 21:27:39 America/Manaus] PHP Fatal error:  Uncaught Error: Failed opening required 'C:\Users\ludaf\OneDrive\Projetos\FichasOP\/pages/404.php' (include_path='.;C:\php\pear') in C:\Users\ludaf\OneDrive\Projetos\FichasOP\index.php:84
Stack trace:
#0 {main}
  thrown in C:\Users\ludaf\OneDrive\Projetos\FichasOP\index.php on line 84
[09-Nov-2024 21:28:20 America/Manaus] PHP Fatal error:  Uncaught Error: Failed opening required 'C:\Users\ludaf\OneDrive\Projetos\FichasOP\/pages/404.php' (include_path='.;C:\php\pear') in C:\Users\ludaf\OneDrive\Projetos\FichasOP\index.php:84
Stack trace:
#0 {main}
  thrown in C:\Users\ludaf\OneDrive\Projetos\FichasOP\index.php on line 84
[09-Nov-2024 21:28:33 America/Manaus] PHP Fatal error:  Uncaught Error: Failed opening required 'C:\Users\ludaf\OneDrive\Projetos\FichasOP\/pages/404.php' (include_path='.;C:\php\pear') in C:\Users\ludaf\OneDrive\Projetos\FichasOP\index.php:84
Stack trace:
#0 {main}
  thrown in C:\Users\ludaf\OneDrive\Projetos\FichasOP\index.php on line 84
[09-Nov-2024 21:28:47 America/Manaus] PHP Fatal error:  Uncaught Error: Failed opening required 'C:\Users\ludaf\OneDrive\Projetos\FichasOP\/pages/404.php' (include_path='.;C:\php\pear') in C:\Users\ludaf\OneDrive\Projetos\FichasOP\index.php:84
Stack trace:
#0 {main}
  thrown in C:\Users\ludaf\OneDrive\Projetos\FichasOP\index.php on line 84
[09-Nov-2024 21:28:54 America/Manaus] PHP Fatal error:  Uncaught Error: Failed opening required 'C:\Users\ludaf\OneDrive\Projetos\FichasOP\/pages/404.php' (include_path='.;C:\php\pear') in C:\Users\ludaf\OneDrive\Projetos\FichasOP\index.php:84
Stack trace:
#0 {main}
  thrown in C:\Users\ludaf\OneDrive\Projetos\FichasOP\index.php on line 84
[09-Nov-2024 21:29:35 America/Manaus] PHP Fatal error:  Uncaught Error: Failed opening required 'C:\Users\ludaf\OneDrive\Projetos\FichasOP\/pages/404.php' (include_path='.;C:\php\pear') in C:\Users\ludaf\OneDrive\Projetos\FichasOP\index.php:84
Stack trace:
#0 {main}
  thrown in C:\Users\ludaf\OneDrive\Projetos\FichasOP\index.php on line 84
[09-Nov-2024 21:35:35 America/Manaus] PHP Fatal error:  Uncaught Error: Failed opening required 'C:\Users\ludaf\OneDrive\Projetos\FichasOP\/pages/404.php' (include_path='.;C:\php\pear') in C:\Users\ludaf\OneDrive\Projetos\FichasOP\index.php:84
Stack trace:
#0 {main}
  thrown in C:\Users\ludaf\OneDrive\Projetos\FichasOP\index.php on line 84
[09-Nov-2024 21:36:01 America/Manaus] PHP Fatal error:  Uncaught Error: Failed opening required 'C:\Users\ludaf\OneDrive\Projetos\FichasOP\/pages/404.php' (include_path='.;C:\php\pear') in C:\Users\ludaf\OneDrive\Projetos\FichasOP\index.php:84
Stack trace:
#0 {main}
  thrown in C:\Users\ludaf\OneDrive\Projetos\FichasOP\index.php on line 84
[09-Nov-2024 21:38:14 America/Manaus] PHP Fatal error:  Uncaught Error: Failed opening required 'C:\Users\ludaf\OneDrive\Projetos\FichasOP\/pages/404.php' (include_path='.;C:\php\pear') in C:\Users\ludaf\OneDrive\Projetos\FichasOP\index.php:84
Stack trace:
#0 {main}
  thrown in C:\Users\ludaf\OneDrive\Projetos\FichasOP\index.php on line 84
[09-Nov-2024 21:38:20 America/Manaus] PHP Fatal error:  Uncaught Error: Failed opening required 'C:\Users\ludaf\OneDrive\Projetos\FichasOP\/pages/404.php' (include_path='.;C:\php\pear') in C:\Users\ludaf\OneDrive\Projetos\FichasOP\index.php:84
Stack trace:
#0 {main}
  thrown in C:\Users\ludaf\OneDrive\Projetos\FichasOP\index.php on line 84
[09-Nov-2024 21:38:39 America/Manaus] PHP Fatal error:  Uncaught Error: Failed opening required 'C:\Users\ludaf\OneDrive\Projetos\FichasOP\/pages/404.php' (include_path='.;C:\php\pear') in C:\Users\ludaf\OneDrive\Projetos\FichasOP\index.php:84
Stack trace:
#0 {main}
  thrown in C:\Users\ludaf\OneDrive\Projetos\FichasOP\index.php on line 84
[09-Nov-2024 21:38:52 America/Manaus] PHP Fatal error:  Uncaught Error: Failed opening required 'C:\Users\ludaf\OneDrive\Projetos\FichasOP\/pages/404.php' (include_path='.;C:\php\pear') in C:\Users\ludaf\OneDrive\Projetos\FichasOP\index.php:84
Stack trace:
#0 {main}
  thrown in C:\Users\ludaf\OneDrive\Projetos\FichasOP\index.php on line 84
[09-Nov-2024 21:38:55 America/Manaus] PHP Fatal error:  Uncaught Error: Failed opening required 'C:\Users\ludaf\OneDrive\Projetos\FichasOP\/pages/404.php' (include_path='.;C:\php\pear') in C:\Users\ludaf\OneDrive\Projetos\FichasOP\index.php:84
Stack trace:
#0 {main}
  thrown in C:\Users\ludaf\OneDrive\Projetos\FichasOP\index.php on line 84
[09-Nov-2024 21:39:57 America/Manaus] PHP Fatal error:  Uncaught Error: Failed opening required 'C:\Users\ludaf\OneDrive\Projetos\FichasOP\/pages/404.php' (include_path='.;C:\php\pear') in C:\Users\ludaf\OneDrive\Projetos\FichasOP\index.php:84
Stack trace:
#0 {main}
  thrown in C:\Users\ludaf\OneDrive\Projetos\FichasOP\index.php on line 84
[09-Nov-2024 21:40:00 America/Manaus] PHP Fatal error:  Uncaught Error: Failed opening required 'C:\Users\ludaf\OneDrive\Projetos\FichasOP\/pages/404.php' (include_path='.;C:\php\pear') in C:\Users\ludaf\OneDrive\Projetos\FichasOP\index.php:84
Stack trace:
#0 {main}
  thrown in C:\Users\ludaf\OneDrive\Projetos\FichasOP\index.php on line 84
[09-Nov-2024 21:40:23 America/Manaus] PHP Fatal error:  Uncaught Error: Failed opening required 'C:\Users\ludaf\OneDrive\Projetos\FichasOP\/pages/404.php' (include_path='.;C:\php\pear') in C:\Users\ludaf\OneDrive\Projetos\FichasOP\index.php:84
Stack trace:
#0 {main}
  thrown in C:\Users\ludaf\OneDrive\Projetos\FichasOP\index.php on line 84
[09-Nov-2024 21:40:45 America/Manaus] PHP Fatal error:  Uncaught Error: Failed opening required 'C:\Users\ludaf\OneDrive\Projetos\FichasOP\/pages/404.php' (include_path='.;C:\php\pear') in C:\Users\ludaf\OneDrive\Projetos\FichasOP\index.php:84
Stack trace:
#0 {main}
  thrown in C:\Users\ludaf\OneDrive\Projetos\FichasOP\index.php on line 84
[09-Nov-2024 21:41:29 America/Manaus] PHP Fatal error:  Uncaught Error: Failed opening required 'C:\Users\ludaf\OneDrive\Projetos\FichasOP\/pages/404.php' (include_path='.;C:\php\pear') in C:\Users\ludaf\OneDrive\Projetos\FichasOP\index.php:84
Stack trace:
#0 {main}
  thrown in C:\Users\ludaf\OneDrive\Projetos\FichasOP\index.php on line 84
[09-Nov-2024 21:42:28 America/Manaus] PHP Fatal error:  Uncaught Error: Failed opening required 'C:\Users\ludaf\OneDrive\Projetos\FichasOP\/pages/404.php' (include_path='.;C:\php\pear') in C:\Users\ludaf\OneDrive\Projetos\FichasOP\index.php:84
Stack trace:
#0 {main}
  thrown in C:\Users\ludaf\OneDrive\Projetos\FichasOP\index.php on line 84
[09-Nov-2024 21:42:33 America/Manaus] PHP Fatal error:  Uncaught Error: Failed opening required 'C:\Users\ludaf\OneDrive\Projetos\FichasOP\/pages/404.php' (include_path='.;C:\php\pear') in C:\Users\ludaf\OneDrive\Projetos\FichasOP\index.php:84
Stack trace:
#0 {main}
  thrown in C:\Users\ludaf\OneDrive\Projetos\FichasOP\index.php on line 84
[09-Nov-2024 21:42:42 America/Manaus] PHP Fatal error:  Uncaught Error: Failed opening required 'C:\Users\ludaf\OneDrive\Projetos\FichasOP\/pages/404.php' (include_path='.;C:\php\pear') in C:\Users\ludaf\OneDrive\Projetos\FichasOP\index.php:84
Stack trace:
#0 {main}
  thrown in C:\Users\ludaf\OneDrive\Projetos\FichasOP\index.php on line 84
[09-Nov-2024 21:43:42 America/Manaus] PHP Fatal error:  Uncaught Error: Failed opening required 'C:\Users\ludaf\OneDrive\Projetos\FichasOP\/pages/404.php' (include_path='.;C:\php\pear') in C:\Users\ludaf\OneDrive\Projetos\FichasOP\index.php:84
Stack trace:
#0 {main}
  thrown in C:\Users\ludaf\OneDrive\Projetos\FichasOP\index.php on line 84
[09-Nov-2024 21:44:06 America/Manaus] PHP Fatal error:  Uncaught Error: Failed opening required 'C:\Users\ludaf\OneDrive\Projetos\FichasOP\/pages/404.php' (include_path='.;C:\php\pear') in C:\Users\ludaf\OneDrive\Projetos\FichasOP\index.php:84
Stack trace:
#0 {main}
  thrown in C:\Users\ludaf\OneDrive\Projetos\FichasOP\index.php on line 84
[09-Nov-2024 22:01:23 America/Manaus] PHP Fatal error:  Uncaught Error: Failed opening required 'C:\Users\ludaf\OneDrive\Projetos\FichasOP\/pages/404.php' (include_path='.;C:\php\pear') in C:\Users\ludaf\OneDrive\Projetos\FichasOP\index.php:84
Stack trace:
#0 {main}
  thrown in C:\Users\ludaf\OneDrive\Projetos\FichasOP\index.php on line 84
[09-Nov-2024 22:09:46 America/Manaus] PHP Fatal error:  Uncaught Error: Failed opening required 'C:\Users\ludaf\OneDrive\Projetos\FichasOP\/pages/404.php' (include_path='.;C:\php\pear') in C:\Users\ludaf\OneDrive\Projetos\FichasOP\index.php:84
Stack trace:
#0 {main}
  thrown in C:\Users\ludaf\OneDrive\Projetos\FichasOP\index.php on line 84
[09-Nov-2024 22:09:54 America/Manaus] PHP Fatal error:  Uncaught Error: Failed opening required 'C:\Users\ludaf\OneDrive\Projetos\FichasOP\/pages/404.php' (include_path='.;C:\php\pear') in C:\Users\ludaf\OneDrive\Projetos\FichasOP\index.php:84
Stack trace:
#0 {main}
  thrown in C:\Users\ludaf\OneDrive\Projetos\FichasOP\index.php on line 84
[09-Nov-2024 22:11:53 America/Manaus] PHP Fatal error:  Uncaught Error: Failed opening required 'C:\Users\ludaf\OneDrive\Projetos\FichasOP\/pages/404.php' (include_path='.;C:\php\pear') in C:\Users\ludaf\OneDrive\Projetos\FichasOP\index.php:84
Stack trace:
#0 {main}
  thrown in C:\Users\ludaf\OneDrive\Projetos\FichasOP\index.php on line 84
[09-Nov-2024 22:12:01 America/Manaus] PHP Fatal error:  Uncaught Error: Failed opening required 'C:\Users\ludaf\OneDrive\Projetos\FichasOP\/pages/404.php' (include_path='.;C:\php\pear') in C:\Users\ludaf\OneDrive\Projetos\FichasOP\index.php:84
Stack trace:
#0 {main}
  thrown in C:\Users\ludaf\OneDrive\Projetos\FichasOP\index.php on line 84
[09-Nov-2024 22:12:15 America/Manaus] PHP Fatal error:  Uncaught Error: Failed opening required 'C:\Users\ludaf\OneDrive\Projetos\FichasOP\/pages/404.php' (include_path='.;C:\php\pear') in C:\Users\ludaf\OneDrive\Projetos\FichasOP\index.php:84
Stack trace:
#0 {main}
  thrown in C:\Users\ludaf\OneDrive\Projetos\FichasOP\index.php on line 84
[09-Nov-2024 22:12:40 America/Manaus] PHP Fatal error:  Uncaught Error: Failed opening required 'C:\Users\ludaf\OneDrive\Projetos\FichasOP\/pages/404.php' (include_path='.;C:\php\pear') in C:\Users\ludaf\OneDrive\Projetos\FichasOP\index.php:84
Stack trace:
#0 {main}
  thrown in C:\Users\ludaf\OneDrive\Projetos\FichasOP\index.php on line 84
[09-Nov-2024 22:12:50 America/Manaus] PHP Fatal error:  Uncaught Error: Failed opening required 'C:\Users\ludaf\OneDrive\Projetos\FichasOP\/pages/404.php' (include_path='.;C:\php\pear') in C:\Users\ludaf\OneDrive\Projetos\FichasOP\index.php:84
Stack trace:
#0 {main}
  thrown in C:\Users\ludaf\OneDrive\Projetos\FichasOP\index.php on line 84
[09-Nov-2024 22:13:00 America/Manaus] PHP Fatal error:  Uncaught Error: Failed opening required 'C:\Users\ludaf\OneDrive\Projetos\FichasOP\/pages/404.php' (include_path='.;C:\php\pear') in C:\Users\ludaf\OneDrive\Projetos\FichasOP\index.php:84
Stack trace:
#0 {main}
  thrown in C:\Users\ludaf\OneDrive\Projetos\FichasOP\index.php on line 84
[09-Nov-2024 22:13:02 America/Manaus] PHP Fatal error:  Uncaught Error: Failed opening required 'C:\Users\ludaf\OneDrive\Projetos\FichasOP\/pages/404.php' (include_path='.;C:\php\pear') in C:\Users\ludaf\OneDrive\Projetos\FichasOP\index.php:84
Stack trace:
#0 {main}
  thrown in C:\Users\ludaf\OneDrive\Projetos\FichasOP\index.php on line 84
[09-Nov-2024 22:13:06 America/Manaus] PHP Fatal error:  Uncaught Error: Failed opening required 'C:\Users\ludaf\OneDrive\Projetos\FichasOP\/pages/404.php' (include_path='.;C:\php\pear') in C:\Users\ludaf\OneDrive\Projetos\FichasOP\index.php:84
Stack trace:
#0 {main}
  thrown in C:\Users\ludaf\OneDrive\Projetos\FichasOP\index.php on line 84
[09-Nov-2024 22:13:23 America/Manaus] PHP Fatal error:  Uncaught Error: Failed opening required 'C:\Users\ludaf\OneDrive\Projetos\FichasOP\/pages/404.php' (include_path='.;C:\php\pear') in C:\Users\ludaf\OneDrive\Projetos\FichasOP\index.php:84
Stack trace:
#0 {main}
  thrown in C:\Users\ludaf\OneDrive\Projetos\FichasOP\index.php on line 84
[09-Nov-2024 22:13:24 America/Manaus] PHP Fatal error:  Uncaught Error: Failed opening required 'C:\Users\ludaf\OneDrive\Projetos\FichasOP\/pages/404.php' (include_path='.;C:\php\pear') in C:\Users\ludaf\OneDrive\Projetos\FichasOP\index.php:84
Stack trace:
#0 {main}
  thrown in C:\Users\ludaf\OneDrive\Projetos\FichasOP\index.php on line 84
[09-Nov-2024 22:13:42 America/Manaus] PHP Fatal error:  Uncaught Error: Failed opening required 'C:\Users\ludaf\OneDrive\Projetos\FichasOP\/pages/404.php' (include_path='.;C:\php\pear') in C:\Users\ludaf\OneDrive\Projetos\FichasOP\index.php:84
Stack trace:
#0 {main}
  thrown in C:\Users\ludaf\OneDrive\Projetos\FichasOP\index.php on line 84
[09-Nov-2024 22:13:55 America/Manaus] PHP Fatal error:  Uncaught Error: Failed opening required 'C:\Users\ludaf\OneDrive\Projetos\FichasOP\/pages/404.php' (include_path='.;C:\php\pear') in C:\Users\ludaf\OneDrive\Projetos\FichasOP\index.php:84
Stack trace:
#0 {main}
  thrown in C:\Users\ludaf\OneDrive\Projetos\FichasOP\index.php on line 84
[09-Nov-2024 22:13:59 America/Manaus] PHP Fatal error:  Uncaught Error: Failed opening required 'C:\Users\ludaf\OneDrive\Projetos\FichasOP\/pages/404.php' (include_path='.;C:\php\pear') in C:\Users\ludaf\OneDrive\Projetos\FichasOP\index.php:84
Stack trace:
#0 {main}
  thrown in C:\Users\ludaf\OneDrive\Projetos\FichasOP\index.php on line 84
[09-Nov-2024 22:14:02 America/Manaus] PHP Fatal error:  Uncaught Error: Failed opening required 'C:\Users\ludaf\OneDrive\Projetos\FichasOP\/pages/404.php' (include_path='.;C:\php\pear') in C:\Users\ludaf\OneDrive\Projetos\FichasOP\index.php:84
Stack trace:
#0 {main}
  thrown in C:\Users\ludaf\OneDrive\Projetos\FichasOP\index.php on line 84
[09-Nov-2024 22:14:06 America/Manaus] PHP Fatal error:  Uncaught Error: Failed opening required 'C:\Users\ludaf\OneDrive\Projetos\FichasOP\/pages/404.php' (include_path='.;C:\php\pear') in C:\Users\ludaf\OneDrive\Projetos\FichasOP\index.php:84
Stack trace:
#0 {main}
  thrown in C:\Users\ludaf\OneDrive\Projetos\FichasOP\index.php on line 84
[09-Nov-2024 22:14:11 America/Manaus] PHP Fatal error:  Uncaught Error: Failed opening required 'C:\Users\ludaf\OneDrive\Projetos\FichasOP\/pages/404.php' (include_path='.;C:\php\pear') in C:\Users\ludaf\OneDrive\Projetos\FichasOP\index.php:84
Stack trace:
#0 {main}
  thrown in C:\Users\ludaf\OneDrive\Projetos\FichasOP\index.php on line 84
[09-Nov-2024 22:14:14 America/Manaus] PHP Fatal error:  Uncaught Error: Failed opening required 'C:\Users\ludaf\OneDrive\Projetos\FichasOP\/pages/404.php' (include_path='.;C:\php\pear') in C:\Users\ludaf\OneDrive\Projetos\FichasOP\index.php:84
Stack trace:
#0 {main}
  thrown in C:\Users\ludaf\OneDrive\Projetos\FichasOP\index.php on line 84
[09-Nov-2024 22:14:19 America/Manaus] PHP Fatal error:  Uncaught Error: Failed opening required 'C:\Users\ludaf\OneDrive\Projetos\FichasOP\/pages/404.php' (include_path='.;C:\php\pear') in C:\Users\ludaf\OneDrive\Projetos\FichasOP\index.php:84
Stack trace:
#0 {main}
  thrown in C:\Users\ludaf\OneDrive\Projetos\FichasOP\index.php on line 84
[09-Nov-2024 22:14:49 America/Manaus] PHP Fatal error:  Uncaught Error: Failed opening required 'C:\Users\ludaf\OneDrive\Projetos\FichasOP\/pages/404.php' (include_path='.;C:\php\pear') in C:\Users\ludaf\OneDrive\Projetos\FichasOP\index.php:84
Stack trace:
#0 {main}
  thrown in C:\Users\ludaf\OneDrive\Projetos\FichasOP\index.php on line 84
[09-Nov-2024 22:14:57 America/Manaus] PHP Fatal error:  Uncaught Error: Failed opening required 'C:\Users\ludaf\OneDrive\Projetos\FichasOP\/pages/404.php' (include_path='.;C:\php\pear') in C:\Users\ludaf\OneDrive\Projetos\FichasOP\index.php:84
Stack trace:
#0 {main}
  thrown in C:\Users\ludaf\OneDrive\Projetos\FichasOP\index.php on line 84
[09-Nov-2024 22:14:59 America/Manaus] PHP Fatal error:  Uncaught Error: Failed opening required 'C:\Users\ludaf\OneDrive\Projetos\FichasOP\/pages/404.php' (include_path='.;C:\php\pear') in C:\Users\ludaf\OneDrive\Projetos\FichasOP\index.php:84
Stack trace:
#0 {main}
  thrown in C:\Users\ludaf\OneDrive\Projetos\FichasOP\index.php on line 84
[09-Nov-2024 22:15:07 America/Manaus] PHP Fatal error:  Uncaught Error: Failed opening required 'C:\Users\ludaf\OneDrive\Projetos\FichasOP\/pages/404.php' (include_path='.;C:\php\pear') in C:\Users\ludaf\OneDrive\Projetos\FichasOP\index.php:84
Stack trace:
#0 {main}
  thrown in C:\Users\ludaf\OneDrive\Projetos\FichasOP\index.php on line 84
[09-Nov-2024 22:15:10 America/Manaus] PHP Fatal error:  Uncaught Error: Failed opening required 'C:\Users\ludaf\OneDrive\Projetos\FichasOP\/pages/404.php' (include_path='.;C:\php\pear') in C:\Users\ludaf\OneDrive\Projetos\FichasOP\index.php:84
Stack trace:
#0 {main}
  thrown in C:\Users\ludaf\OneDrive\Projetos\FichasOP\index.php on line 84
[09-Nov-2024 22:16:09 America/Manaus] PHP Fatal error:  Uncaught Error: Failed opening required 'C:\Users\ludaf\OneDrive\Projetos\FichasOP\/pages/404.php' (include_path='.;C:\php\pear') in C:\Users\ludaf\OneDrive\Projetos\FichasOP\index.php:84
Stack trace:
#0 {main}
  thrown in C:\Users\ludaf\OneDrive\Projetos\FichasOP\index.php on line 84
[09-Nov-2024 22:17:31 America/Manaus] PHP Fatal error:  Uncaught Error: Failed opening required 'C:\Users\ludaf\OneDrive\Projetos\FichasOP\/pages/404.php' (include_path='.;C:\php\pear') in C:\Users\ludaf\OneDrive\Projetos\FichasOP\index.php:84
Stack trace:
#0 {main}
  thrown in C:\Users\ludaf\OneDrive\Projetos\FichasOP\index.php on line 84
[09-Nov-2024 22:17:55 America/Manaus] PHP Fatal error:  Uncaught Error: Failed opening required 'C:\Users\ludaf\OneDrive\Projetos\FichasOP\/pages/404.php' (include_path='.;C:\php\pear') in C:\Users\ludaf\OneDrive\Projetos\FichasOP\index.php:84
Stack trace:
#0 {main}
  thrown in C:\Users\ludaf\OneDrive\Projetos\FichasOP\index.php on line 84
[09-Nov-2024 22:17:55 America/Manaus] PHP Fatal error:  Uncaught Error: Failed opening required 'C:\Users\ludaf\OneDrive\Projetos\FichasOP\/pages/404.php' (include_path='.;C:\php\pear') in C:\Users\ludaf\OneDrive\Projetos\FichasOP\index.php:84
Stack trace:
#0 {main}
  thrown in C:\Users\ludaf\OneDrive\Projetos\FichasOP\index.php on line 84
[09-Nov-2024 22:18:05 America/Manaus] PHP Fatal error:  Uncaught Error: Failed opening required 'C:\Users\ludaf\OneDrive\Projetos\FichasOP\/pages/404.php' (include_path='.;C:\php\pear') in C:\Users\ludaf\OneDrive\Projetos\FichasOP\index.php:84
Stack trace:
#0 {main}
  thrown in C:\Users\ludaf\OneDrive\Projetos\FichasOP\index.php on line 84
[09-Nov-2024 22:18:09 America/Manaus] PHP Fatal error:  Uncaught Error: Failed opening required 'C:\Users\ludaf\OneDrive\Projetos\FichasOP\/pages/404.php' (include_path='.;C:\php\pear') in C:\Users\ludaf\OneDrive\Projetos\FichasOP\index.php:84
Stack trace:
#0 {main}
  thrown in C:\Users\ludaf\OneDrive\Projetos\FichasOP\index.php on line 84
[09-Nov-2024 22:20:02 America/Manaus] PHP Fatal error:  Uncaught Error: Failed opening required 'C:\Users\ludaf\OneDrive\Projetos\FichasOP\/pages/404.php' (include_path='.;C:\php\pear') in C:\Users\ludaf\OneDrive\Projetos\FichasOP\index.php:84
Stack trace:
#0 {main}
  thrown in C:\Users\ludaf\OneDrive\Projetos\FichasOP\index.php on line 84
[09-Nov-2024 22:21:06 America/Manaus] PHP Fatal error:  Uncaught Error: Failed opening required 'C:\Users\ludaf\OneDrive\Projetos\FichasOP\/pages/404.php' (include_path='.;C:\php\pear') in C:\Users\ludaf\OneDrive\Projetos\FichasOP\index.php:84
Stack trace:
#0 {main}
  thrown in C:\Users\ludaf\OneDrive\Projetos\FichasOP\index.php on line 84
[09-Nov-2024 22:21:19 America/Manaus] PHP Fatal error:  Uncaught Error: Failed opening required 'C:\Users\ludaf\OneDrive\Projetos\FichasOP\/pages/404.php' (include_path='.;C:\php\pear') in C:\Users\ludaf\OneDrive\Projetos\FichasOP\index.php:84
Stack trace:
#0 {main}
  thrown in C:\Users\ludaf\OneDrive\Projetos\FichasOP\index.php on line 84
[09-Nov-2024 22:21:28 America/Manaus] PHP Fatal error:  Uncaught Error: Failed opening required 'C:\Users\ludaf\OneDrive\Projetos\FichasOP\/pages/404.php' (include_path='.;C:\php\pear') in C:\Users\ludaf\OneDrive\Projetos\FichasOP\index.php:84
Stack trace:
#0 {main}
  thrown in C:\Users\ludaf\OneDrive\Projetos\FichasOP\index.php on line 84
[09-Nov-2024 22:21:37 America/Manaus] PHP Fatal error:  Uncaught Error: Failed opening required 'C:\Users\ludaf\OneDrive\Projetos\FichasOP\/pages/404.php' (include_path='.;C:\php\pear') in C:\Users\ludaf\OneDrive\Projetos\FichasOP\index.php:84
Stack trace:
#0 {main}
  thrown in C:\Users\ludaf\OneDrive\Projetos\FichasOP\index.php on line 84
[09-Nov-2024 22:21:48 America/Manaus] PHP Fatal error:  Uncaught Error: Failed opening required 'C:\Users\ludaf\OneDrive\Projetos\FichasOP\/pages/404.php' (include_path='.;C:\php\pear') in C:\Users\ludaf\OneDrive\Projetos\FichasOP\index.php:84
Stack trace:
#0 {main}
  thrown in C:\Users\ludaf\OneDrive\Projetos\FichasOP\index.php on line 84
[09-Nov-2024 22:21:59 America/Manaus] PHP Fatal error:  Uncaught Error: Failed opening required 'C:\Users\ludaf\OneDrive\Projetos\FichasOP\/pages/404.php' (include_path='.;C:\php\pear') in C:\Users\ludaf\OneDrive\Projetos\FichasOP\index.php:84
Stack trace:
#0 {main}
  thrown in C:\Users\ludaf\OneDrive\Projetos\FichasOP\index.php on line 84
[09-Nov-2024 22:22:03 America/Manaus] PHP Fatal error:  Uncaught Error: Failed opening required 'C:\Users\ludaf\OneDrive\Projetos\FichasOP\/pages/404.php' (include_path='.;C:\php\pear') in C:\Users\ludaf\OneDrive\Projetos\FichasOP\index.php:84
Stack trace:
#0 {main}
  thrown in C:\Users\ludaf\OneDrive\Projetos\FichasOP\index.php on line 84
[09-Nov-2024 22:22:04 America/Manaus] PHP Fatal error:  Uncaught Error: Failed opening required 'C:\Users\ludaf\OneDrive\Projetos\FichasOP\/pages/404.php' (include_path='.;C:\php\pear') in C:\Users\ludaf\OneDrive\Projetos\FichasOP\index.php:84
Stack trace:
#0 {main}
  thrown in C:\Users\ludaf\OneDrive\Projetos\FichasOP\index.php on line 84
[09-Nov-2024 22:22:07 America/Manaus] PHP Fatal error:  Uncaught Error: Failed opening required 'C:\Users\ludaf\OneDrive\Projetos\FichasOP\/pages/404.php' (include_path='.;C:\php\pear') in C:\Users\ludaf\OneDrive\Projetos\FichasOP\index.php:84
Stack trace:
#0 {main}
  thrown in C:\Users\ludaf\OneDrive\Projetos\FichasOP\index.php on line 84
[09-Nov-2024 22:22:08 America/Manaus] PHP Fatal error:  Uncaught Error: Failed opening required 'C:\Users\ludaf\OneDrive\Projetos\FichasOP\/pages/404.php' (include_path='.;C:\php\pear') in C:\Users\ludaf\OneDrive\Projetos\FichasOP\index.php:84
Stack trace:
#0 {main}
  thrown in C:\Users\ludaf\OneDrive\Projetos\FichasOP\index.php on line 84
[09-Nov-2024 22:22:17 America/Manaus] PHP Fatal error:  Uncaught Error: Failed opening required 'C:\Users\ludaf\OneDrive\Projetos\FichasOP\/pages/404.php' (include_path='.;C:\php\pear') in C:\Users\ludaf\OneDrive\Projetos\FichasOP\index.php:84
Stack trace:
#0 {main}
  thrown in C:\Users\ludaf\OneDrive\Projetos\FichasOP\index.php on line 84
[09-Nov-2024 22:22:32 America/Manaus] PHP Fatal error:  Uncaught Error: Failed opening required 'C:\Users\ludaf\OneDrive\Projetos\FichasOP\/pages/404.php' (include_path='.;C:\php\pear') in C:\Users\ludaf\OneDrive\Projetos\FichasOP\index.php:84
Stack trace:
#0 {main}
  thrown in C:\Users\ludaf\OneDrive\Projetos\FichasOP\index.php on line 84
[09-Nov-2024 22:22:39 America/Manaus] PHP Fatal error:  Uncaught Error: Failed opening required 'C:\Users\ludaf\OneDrive\Projetos\FichasOP\/pages/404.php' (include_path='.;C:\php\pear') in C:\Users\ludaf\OneDrive\Projetos\FichasOP\index.php:84
Stack trace:
#0 {main}
  thrown in C:\Users\ludaf\OneDrive\Projetos\FichasOP\index.php on line 84
[09-Nov-2024 22:23:15 America/Manaus] PHP Fatal error:  Uncaught Error: Failed opening required 'C:\Users\ludaf\OneDrive\Projetos\FichasOP\/pages/404.php' (include_path='.;C:\php\pear') in C:\Users\ludaf\OneDrive\Projetos\FichasOP\index.php:84
Stack trace:
#0 {main}
  thrown in C:\Users\ludaf\OneDrive\Projetos\FichasOP\index.php on line 84
[09-Nov-2024 22:23:33 America/Manaus] PHP Fatal error:  Uncaught Error: Failed opening required 'C:\Users\ludaf\OneDrive\Projetos\FichasOP\/pages/404.php' (include_path='.;C:\php\pear') in C:\Users\ludaf\OneDrive\Projetos\FichasOP\index.php:84
Stack trace:
#0 {main}
  thrown in C:\Users\ludaf\OneDrive\Projetos\FichasOP\index.php on line 84
[09-Nov-2024 22:23:44 America/Manaus] PHP Fatal error:  Uncaught Error: Failed opening required 'C:\Users\ludaf\OneDrive\Projetos\FichasOP\/pages/404.php' (include_path='.;C:\php\pear') in C:\Users\ludaf\OneDrive\Projetos\FichasOP\index.php:84
Stack trace:
#0 {main}
  thrown in C:\Users\ludaf\OneDrive\Projetos\FichasOP\index.php on line 84
[09-Nov-2024 22:23:44 America/Manaus] PHP Fatal error:  Uncaught Error: Failed opening required 'C:\Users\ludaf\OneDrive\Projetos\FichasOP\/pages/404.php' (include_path='.;C:\php\pear') in C:\Users\ludaf\OneDrive\Projetos\FichasOP\index.php:84
Stack trace:
#0 {main}
  thrown in C:\Users\ludaf\OneDrive\Projetos\FichasOP\index.php on line 84
[09-Nov-2024 22:23:52 America/Manaus] PHP Fatal error:  Uncaught Error: Failed opening required 'C:\Users\ludaf\OneDrive\Projetos\FichasOP\/pages/404.php' (include_path='.;C:\php\pear') in C:\Users\ludaf\OneDrive\Projetos\FichasOP\index.php:84
Stack trace:
#0 {main}
  thrown in C:\Users\ludaf\OneDrive\Projetos\FichasOP\index.php on line 84
[09-Nov-2024 22:24:02 America/Manaus] PHP Fatal error:  Uncaught Error: Failed opening required 'C:\Users\ludaf\OneDrive\Projetos\FichasOP\/pages/404.php' (include_path='.;C:\php\pear') in C:\Users\ludaf\OneDrive\Projetos\FichasOP\index.php:84
Stack trace:
#0 {main}
  thrown in C:\Users\ludaf\OneDrive\Projetos\FichasOP\index.php on line 84
[09-Nov-2024 22:24:10 America/Manaus] PHP Fatal error:  Uncaught Error: Failed opening required 'C:\Users\ludaf\OneDrive\Projetos\FichasOP\/pages/404.php' (include_path='.;C:\php\pear') in C:\Users\ludaf\OneDrive\Projetos\FichasOP\index.php:84
Stack trace:
#0 {main}
  thrown in C:\Users\ludaf\OneDrive\Projetos\FichasOP\index.php on line 84
[09-Nov-2024 22:24:11 America/Manaus] PHP Fatal error:  Uncaught Error: Failed opening required 'C:\Users\ludaf\OneDrive\Projetos\FichasOP\/pages/404.php' (include_path='.;C:\php\pear') in C:\Users\ludaf\OneDrive\Projetos\FichasOP\index.php:84
Stack trace:
#0 {main}
  thrown in C:\Users\ludaf\OneDrive\Projetos\FichasOP\index.php on line 84
[09-Nov-2024 22:24:23 America/Manaus] PHP Fatal error:  Uncaught Error: Failed opening required 'C:\Users\ludaf\OneDrive\Projetos\FichasOP\/pages/404.php' (include_path='.;C:\php\pear') in C:\Users\ludaf\OneDrive\Projetos\FichasOP\index.php:84
Stack trace:
#0 {main}
  thrown in C:\Users\ludaf\OneDrive\Projetos\FichasOP\index.php on line 84
[09-Nov-2024 22:24:24 America/Manaus] PHP Fatal error:  Uncaught Error: Failed opening required 'C:\Users\ludaf\OneDrive\Projetos\FichasOP\/pages/404.php' (include_path='.;C:\php\pear') in C:\Users\ludaf\OneDrive\Projetos\FichasOP\index.php:84
Stack trace:
#0 {main}
  thrown in C:\Users\ludaf\OneDrive\Projetos\FichasOP\index.php on line 84
[09-Nov-2024 22:24:36 America/Manaus] PHP Fatal error:  Uncaught Error: Failed opening required 'C:\Users\ludaf\OneDrive\Projetos\FichasOP\/pages/404.php' (include_path='.;C:\php\pear') in C:\Users\ludaf\OneDrive\Projetos\FichasOP\index.php:84
Stack trace:
#0 {main}
  thrown in C:\Users\ludaf\OneDrive\Projetos\FichasOP\index.php on line 84
[09-Nov-2024 22:24:38 America/Manaus] PHP Fatal error:  Uncaught Error: Failed opening required 'C:\Users\ludaf\OneDrive\Projetos\FichasOP\/pages/404.php' (include_path='.;C:\php\pear') in C:\Users\ludaf\OneDrive\Projetos\FichasOP\index.php:84
Stack trace:
#0 {main}
  thrown in C:\Users\ludaf\OneDrive\Projetos\FichasOP\index.php on line 84
[09-Nov-2024 22:24:48 America/Manaus] PHP Fatal error:  Uncaught Error: Failed opening required 'C:\Users\ludaf\OneDrive\Projetos\FichasOP\/pages/404.php' (include_path='.;C:\php\pear') in C:\Users\ludaf\OneDrive\Projetos\FichasOP\index.php:84
Stack trace:
#0 {main}
  thrown in C:\Users\ludaf\OneDrive\Projetos\FichasOP\index.php on line 84
[09-Nov-2024 22:25:18 America/Manaus] PHP Fatal error:  Uncaught Error: Failed opening required 'C:\Users\ludaf\OneDrive\Projetos\FichasOP\/pages/404.php' (include_path='.;C:\php\pear') in C:\Users\ludaf\OneDrive\Projetos\FichasOP\index.php:84
Stack trace:
#0 {main}
  thrown in C:\Users\ludaf\OneDrive\Projetos\FichasOP\index.php on line 84
[09-Nov-2024 22:25:31 America/Manaus] PHP Fatal error:  Uncaught Error: Failed opening required 'C:\Users\ludaf\OneDrive\Projetos\FichasOP\/pages/404.php' (include_path='.;C:\php\pear') in C:\Users\ludaf\OneDrive\Projetos\FichasOP\index.php:84
Stack trace:
#0 {main}
  thrown in C:\Users\ludaf\OneDrive\Projetos\FichasOP\index.php on line 84
[09-Nov-2024 22:25:34 America/Manaus] PHP Fatal error:  Uncaught Error: Failed opening required 'C:\Users\ludaf\OneDrive\Projetos\FichasOP\/pages/404.php' (include_path='.;C:\php\pear') in C:\Users\ludaf\OneDrive\Projetos\FichasOP\index.php:84
Stack trace:
#0 {main}
  thrown in C:\Users\ludaf\OneDrive\Projetos\FichasOP\index.php on line 84
[09-Nov-2024 22:25:49 America/Manaus] PHP Fatal error:  Uncaught Error: Failed opening required 'C:\Users\ludaf\OneDrive\Projetos\FichasOP\/pages/404.php' (include_path='.;C:\php\pear') in C:\Users\ludaf\OneDrive\Projetos\FichasOP\index.php:84
Stack trace:
#0 {main}
  thrown in C:\Users\ludaf\OneDrive\Projetos\FichasOP\index.php on line 84
[09-Nov-2024 22:26:58 America/Manaus] PHP Fatal error:  Uncaught Error: Failed opening required 'C:\Users\ludaf\OneDrive\Projetos\FichasOP\/pages/404.php' (include_path='.;C:\php\pear') in C:\Users\ludaf\OneDrive\Projetos\FichasOP\index.php:84
Stack trace:
#0 {main}
  thrown in C:\Users\ludaf\OneDrive\Projetos\FichasOP\index.php on line 84
[09-Nov-2024 22:27:19 America/Manaus] PHP Fatal error:  Uncaught Error: Failed opening required 'C:\Users\ludaf\OneDrive\Projetos\FichasOP\/pages/404.php' (include_path='.;C:\php\pear') in C:\Users\ludaf\OneDrive\Projetos\FichasOP\index.php:84
Stack trace:
#0 {main}
  thrown in C:\Users\ludaf\OneDrive\Projetos\FichasOP\index.php on line 84
[09-Nov-2024 22:27:33 America/Manaus] PHP Fatal error:  Uncaught Error: Failed opening required 'C:\Users\ludaf\OneDrive\Projetos\FichasOP\/pages/404.php' (include_path='.;C:\php\pear') in C:\Users\ludaf\OneDrive\Projetos\FichasOP\index.php:84
Stack trace:
#0 {main}
  thrown in C:\Users\ludaf\OneDrive\Projetos\FichasOP\index.php on line 84
[09-Nov-2024 22:27:47 America/Manaus] PHP Fatal error:  Uncaught Error: Failed opening required 'C:\Users\ludaf\OneDrive\Projetos\FichasOP\/pages/404.php' (include_path='.;C:\php\pear') in C:\Users\ludaf\OneDrive\Projetos\FichasOP\index.php:84
Stack trace:
#0 {main}
  thrown in C:\Users\ludaf\OneDrive\Projetos\FichasOP\index.php on line 84
[09-Nov-2024 22:27:55 America/Manaus] PHP Fatal error:  Uncaught Error: Failed opening required 'C:\Users\ludaf\OneDrive\Projetos\FichasOP\/pages/404.php' (include_path='.;C:\php\pear') in C:\Users\ludaf\OneDrive\Projetos\FichasOP\index.php:84
Stack trace:
#0 {main}
  thrown in C:\Users\ludaf\OneDrive\Projetos\FichasOP\index.php on line 84
[09-Nov-2024 22:27:59 America/Manaus] PHP Fatal error:  Uncaught Error: Failed opening required 'C:\Users\ludaf\OneDrive\Projetos\FichasOP\/pages/404.php' (include_path='.;C:\php\pear') in C:\Users\ludaf\OneDrive\Projetos\FichasOP\index.php:84
Stack trace:
#0 {main}
  thrown in C:\Users\ludaf\OneDrive\Projetos\FichasOP\index.php on line 84
[09-Nov-2024 22:28:14 America/Manaus] PHP Fatal error:  Uncaught Error: Failed opening required 'C:\Users\ludaf\OneDrive\Projetos\FichasOP\/pages/404.php' (include_path='.;C:\php\pear') in C:\Users\ludaf\OneDrive\Projetos\FichasOP\index.php:84
Stack trace:
#0 {main}
  thrown in C:\Users\ludaf\OneDrive\Projetos\FichasOP\index.php on line 84
[09-Nov-2024 22:28:52 America/Manaus] PHP Fatal error:  Uncaught Error: Failed opening required 'C:\Users\ludaf\OneDrive\Projetos\FichasOP\/pages/404.php' (include_path='.;C:\php\pear') in C:\Users\ludaf\OneDrive\Projetos\FichasOP\index.php:84
Stack trace:
#0 {main}
  thrown in C:\Users\ludaf\OneDrive\Projetos\FichasOP\index.php on line 84
[09-Nov-2024 22:29:04 America/Manaus] PHP Fatal error:  Uncaught Error: Failed opening required 'C:\Users\ludaf\OneDrive\Projetos\FichasOP\/pages/404.php' (include_path='.;C:\php\pear') in C:\Users\ludaf\OneDrive\Projetos\FichasOP\index.php:84
Stack trace:
#0 {main}
  thrown in C:\Users\ludaf\OneDrive\Projetos\FichasOP\index.php on line 84
[09-Nov-2024 22:29:11 America/Manaus] PHP Fatal error:  Uncaught Error: Failed opening required 'C:\Users\ludaf\OneDrive\Projetos\FichasOP\/pages/404.php' (include_path='.;C:\php\pear') in C:\Users\ludaf\OneDrive\Projetos\FichasOP\index.php:84
Stack trace:
#0 {main}
  thrown in C:\Users\ludaf\OneDrive\Projetos\FichasOP\index.php on line 84
[09-Nov-2024 22:29:32 America/Manaus] PHP Fatal error:  Uncaught Error: Failed opening required 'C:\Users\ludaf\OneDrive\Projetos\FichasOP\/pages/404.php' (include_path='.;C:\php\pear') in C:\Users\ludaf\OneDrive\Projetos\FichasOP\index.php:84
Stack trace:
#0 {main}
  thrown in C:\Users\ludaf\OneDrive\Projetos\FichasOP\index.php on line 84
[09-Nov-2024 22:29:37 America/Manaus] PHP Fatal error:  Uncaught Error: Failed opening required 'C:\Users\ludaf\OneDrive\Projetos\FichasOP\/pages/404.php' (include_path='.;C:\php\pear') in C:\Users\ludaf\OneDrive\Projetos\FichasOP\index.php:84
Stack trace:
#0 {main}
  thrown in C:\Users\ludaf\OneDrive\Projetos\FichasOP\index.php on line 84
[09-Nov-2024 22:29:49 America/Manaus] PHP Fatal error:  Uncaught Error: Failed opening required 'C:\Users\ludaf\OneDrive\Projetos\FichasOP\/pages/404.php' (include_path='.;C:\php\pear') in C:\Users\ludaf\OneDrive\Projetos\FichasOP\index.php:84
Stack trace:
#0 {main}
  thrown in C:\Users\ludaf\OneDrive\Projetos\FichasOP\index.php on line 84
[09-Nov-2024 22:30:09 America/Manaus] PHP Fatal error:  Uncaught Error: Failed opening required 'C:\Users\ludaf\OneDrive\Projetos\FichasOP\/pages/404.php' (include_path='.;C:\php\pear') in C:\Users\ludaf\OneDrive\Projetos\FichasOP\index.php:84
Stack trace:
#0 {main}
  thrown in C:\Users\ludaf\OneDrive\Projetos\FichasOP\index.php on line 84
[09-Nov-2024 22:35:12 America/Manaus] PHP Fatal error:  Uncaught Error: Failed opening required 'C:\Users\ludaf\OneDrive\Projetos\FichasOP\/pages/404.php' (include_path='.;C:\php\pear') in C:\Users\ludaf\OneDrive\Projetos\FichasOP\index.php:84
Stack trace:
#0 {main}
  thrown in C:\Users\ludaf\OneDrive\Projetos\FichasOP\index.php on line 84
[09-Nov-2024 22:36:52 America/Manaus] PHP Fatal error:  Uncaught Error: Failed opening required 'C:\Users\ludaf\OneDrive\Projetos\FichasOP\/pages/404.php' (include_path='.;C:\php\pear') in C:\Users\ludaf\OneDrive\Projetos\FichasOP\index.php:84
Stack trace:
#0 {main}
  thrown in C:\Users\ludaf\OneDrive\Projetos\FichasOP\index.php on line 84
[09-Nov-2024 22:37:44 America/Manaus] PHP Fatal error:  Uncaught Error: Failed opening required 'C:\Users\ludaf\OneDrive\Projetos\FichasOP\/pages/404.php' (include_path='.;C:\php\pear') in C:\Users\ludaf\OneDrive\Projetos\FichasOP\index.php:84
Stack trace:
#0 {main}
  thrown in C:\Users\ludaf\OneDrive\Projetos\FichasOP\index.php on line 84
[09-Nov-2024 22:38:44 America/Manaus] PHP Fatal error:  Uncaught Error: Failed opening required 'C:\Users\ludaf\OneDrive\Projetos\FichasOP\/pages/404.php' (include_path='.;C:\php\pear') in C:\Users\ludaf\OneDrive\Projetos\FichasOP\index.php:84
Stack trace:
#0 {main}
  thrown in C:\Users\ludaf\OneDrive\Projetos\FichasOP\index.php on line 84
[09-Nov-2024 22:43:00 America/Manaus] PHP Fatal error:  Uncaught Error: Failed opening required 'C:\Users\ludaf\OneDrive\Projetos\FichasOP\/pages/404.php' (include_path='.;C:\php\pear') in C:\Users\ludaf\OneDrive\Projetos\FichasOP\index.php:84
Stack trace:
#0 {main}
  thrown in C:\Users\ludaf\OneDrive\Projetos\FichasOP\index.php on line 84
[09-Nov-2024 22:43:01 America/Manaus] PHP Fatal error:  Uncaught Error: Failed opening required 'C:\Users\ludaf\OneDrive\Projetos\FichasOP\/pages/404.php' (include_path='.;C:\php\pear') in C:\Users\ludaf\OneDrive\Projetos\FichasOP\index.php:84
Stack trace:
#0 {main}
  thrown in C:\Users\ludaf\OneDrive\Projetos\FichasOP\index.php on line 84
[09-Nov-2024 22:44:46 America/Manaus] PHP Fatal error:  Uncaught Error: Failed opening required 'C:\Users\ludaf\OneDrive\Projetos\FichasOP\/pages/404.php' (include_path='.;C:\php\pear') in C:\Users\ludaf\OneDrive\Projetos\FichasOP\index.php:84
Stack trace:
#0 {main}
  thrown in C:\Users\ludaf\OneDrive\Projetos\FichasOP\index.php on line 84
[09-Nov-2024 22:44:58 America/Manaus] PHP Fatal error:  Uncaught Error: Failed opening required 'C:\Users\ludaf\OneDrive\Projetos\FichasOP\/pages/404.php' (include_path='.;C:\php\pear') in C:\Users\ludaf\OneDrive\Projetos\FichasOP\index.php:84
Stack trace:
#0 {main}
  thrown in C:\Users\ludaf\OneDrive\Projetos\FichasOP\index.php on line 84
[09-Nov-2024 22:45:57 America/Manaus] PHP Fatal error:  Uncaught Error: Failed opening required 'C:\Users\ludaf\OneDrive\Projetos\FichasOP\/pages/404.php' (include_path='.;C:\php\pear') in C:\Users\ludaf\OneDrive\Projetos\FichasOP\index.php:84
Stack trace:
#0 {main}
  thrown in C:\Users\ludaf\OneDrive\Projetos\FichasOP\index.php on line 84
[09-Nov-2024 22:46:11 America/Manaus] PHP Fatal error:  Uncaught Error: Failed opening required 'C:\Users\ludaf\OneDrive\Projetos\FichasOP\/pages/404.php' (include_path='.;C:\php\pear') in C:\Users\ludaf\OneDrive\Projetos\FichasOP\index.php:84
Stack trace:
#0 {main}
  thrown in C:\Users\ludaf\OneDrive\Projetos\FichasOP\index.php on line 84
[09-Nov-2024 22:46:15 America/Manaus] PHP Fatal error:  Uncaught Error: Failed opening required 'C:\Users\ludaf\OneDrive\Projetos\FichasOP\/pages/404.php' (include_path='.;C:\php\pear') in C:\Users\ludaf\OneDrive\Projetos\FichasOP\index.php:84
Stack trace:
#0 {main}
  thrown in C:\Users\ludaf\OneDrive\Projetos\FichasOP\index.php on line 84
[09-Nov-2024 22:46:48 America/Manaus] PHP Fatal error:  Uncaught Error: Failed opening required 'C:\Users\ludaf\OneDrive\Projetos\FichasOP\/pages/404.php' (include_path='.;C:\php\pear') in C:\Users\ludaf\OneDrive\Projetos\FichasOP\index.php:84
Stack trace:
#0 {main}
  thrown in C:\Users\ludaf\OneDrive\Projetos\FichasOP\index.php on line 84
[09-Nov-2024 22:50:07 America/Manaus] PHP Fatal error:  Uncaught Error: Failed opening required 'C:\Users\ludaf\OneDrive\Projetos\FichasOP\/pages/404.php' (include_path='.;C:\php\pear') in C:\Users\ludaf\OneDrive\Projetos\FichasOP\index.php:84
Stack trace:
#0 {main}
  thrown in C:\Users\ludaf\OneDrive\Projetos\FichasOP\index.php on line 84
[09-Nov-2024 22:50:20 America/Manaus] PHP Fatal error:  Uncaught Error: Failed opening required 'C:\Users\ludaf\OneDrive\Projetos\FichasOP\/pages/404.php' (include_path='.;C:\php\pear') in C:\Users\ludaf\OneDrive\Projetos\FichasOP\index.php:84
Stack trace:
#0 {main}
  thrown in C:\Users\ludaf\OneDrive\Projetos\FichasOP\index.php on line 84
[09-Nov-2024 22:51:52 America/Manaus] PHP Fatal error:  Uncaught Error: Failed opening required 'C:\Users\ludaf\OneDrive\Projetos\FichasOP\/pages/404.php' (include_path='.;C:\php\pear') in C:\Users\ludaf\OneDrive\Projetos\FichasOP\index.php:84
Stack trace:
#0 {main}
  thrown in C:\Users\ludaf\OneDrive\Projetos\FichasOP\index.php on line 84
[09-Nov-2024 22:52:24 America/Manaus] PHP Fatal error:  Uncaught Error: Failed opening required 'C:\Users\ludaf\OneDrive\Projetos\FichasOP\/pages/404.php' (include_path='.;C:\php\pear') in C:\Users\ludaf\OneDrive\Projetos\FichasOP\index.php:84
Stack trace:
#0 {main}
  thrown in C:\Users\ludaf\OneDrive\Projetos\FichasOP\index.php on line 84
[09-Nov-2024 22:52:56 America/Manaus] PHP Fatal error:  Uncaught Error: Failed opening required 'C:\Users\ludaf\OneDrive\Projetos\FichasOP\/pages/404.php' (include_path='.;C:\php\pear') in C:\Users\ludaf\OneDrive\Projetos\FichasOP\index.php:84
Stack trace:
#0 {main}
  thrown in C:\Users\ludaf\OneDrive\Projetos\FichasOP\index.php on line 84
[09-Nov-2024 22:53:09 America/Manaus] PHP Fatal error:  Uncaught Error: Failed opening required 'C:\Users\ludaf\OneDrive\Projetos\FichasOP\/pages/404.php' (include_path='.;C:\php\pear') in C:\Users\ludaf\OneDrive\Projetos\FichasOP\index.php:84
Stack trace:
#0 {main}
  thrown in C:\Users\ludaf\OneDrive\Projetos\FichasOP\index.php on line 84
[09-Nov-2024 22:57:19 America/Manaus] PHP Fatal error:  Uncaught Error: Failed opening required 'C:\Users\ludaf\OneDrive\Projetos\FichasOP\/pages/404.php' (include_path='.;C:\php\pear') in C:\Users\ludaf\OneDrive\Projetos\FichasOP\index.php:84
Stack trace:
#0 {main}
  thrown in C:\Users\ludaf\OneDrive\Projetos\FichasOP\index.php on line 84
[09-Nov-2024 22:57:56 America/Manaus] PHP Fatal error:  Uncaught Error: Failed opening required 'C:\Users\ludaf\OneDrive\Projetos\FichasOP\/pages/404.php' (include_path='.;C:\php\pear') in C:\Users\ludaf\OneDrive\Projetos\FichasOP\index.php:84
Stack trace:
#0 {main}
  thrown in C:\Users\ludaf\OneDrive\Projetos\FichasOP\index.php on line 84
[09-Nov-2024 22:58:35 America/Manaus] PHP Fatal error:  Uncaught Error: Failed opening required 'C:\Users\ludaf\OneDrive\Projetos\FichasOP\/pages/404.php' (include_path='.;C:\php\pear') in C:\Users\ludaf\OneDrive\Projetos\FichasOP\index.php:84
Stack trace:
#0 {main}
  thrown in C:\Users\ludaf\OneDrive\Projetos\FichasOP\index.php on line 84
[09-Nov-2024 22:58:51 America/Manaus] PHP Fatal error:  Uncaught Error: Failed opening required 'C:\Users\ludaf\OneDrive\Projetos\FichasOP\/pages/404.php' (include_path='.;C:\php\pear') in C:\Users\ludaf\OneDrive\Projetos\FichasOP\index.php:84
Stack trace:
#0 {main}
  thrown in C:\Users\ludaf\OneDrive\Projetos\FichasOP\index.php on line 84
[09-Nov-2024 23:00:34 America/Manaus] PHP Fatal error:  Uncaught Error: Failed opening required 'C:\Users\ludaf\OneDrive\Projetos\FichasOP\/pages/404.php' (include_path='.;C:\php\pear') in C:\Users\ludaf\OneDrive\Projetos\FichasOP\index.php:84
Stack trace:
#0 {main}
  thrown in C:\Users\ludaf\OneDrive\Projetos\FichasOP\index.php on line 84
[09-Nov-2024 23:14:44 America/Manaus] PHP Fatal error:  Uncaught Error: Failed opening required 'C:\Users\ludaf\OneDrive\Projetos\FichasOP\/pages/404.php' (include_path='.;C:\php\pear') in C:\Users\ludaf\OneDrive\Projetos\FichasOP\index.php:84
Stack trace:
#0 {main}
  thrown in C:\Users\ludaf\OneDrive\Projetos\FichasOP\index.php on line 84
[09-Nov-2024 23:14:54 America/Manaus] PHP Fatal error:  Uncaught Error: Failed opening required 'C:\Users\ludaf\OneDrive\Projetos\FichasOP\/pages/404.php' (include_path='.;C:\php\pear') in C:\Users\ludaf\OneDrive\Projetos\FichasOP\index.php:84
Stack trace:
#0 {main}
  thrown in C:\Users\ludaf\OneDrive\Projetos\FichasOP\index.php on line 84
[09-Nov-2024 23:15:12 America/Manaus] PHP Fatal error:  Uncaught Error: Failed opening required 'C:\Users\ludaf\OneDrive\Projetos\FichasOP\/pages/404.php' (include_path='.;C:\php\pear') in C:\Users\ludaf\OneDrive\Projetos\FichasOP\index.php:84
Stack trace:
#0 {main}
  thrown in C:\Users\ludaf\OneDrive\Projetos\FichasOP\index.php on line 84
[09-Nov-2024 23:15:45 America/Manaus] PHP Fatal error:  Uncaught Error: Failed opening required 'C:\Users\ludaf\OneDrive\Projetos\FichasOP\/pages/404.php' (include_path='.;C:\php\pear') in C:\Users\ludaf\OneDrive\Projetos\FichasOP\index.php:84
Stack trace:
#0 {main}
  thrown in C:\Users\ludaf\OneDrive\Projetos\FichasOP\index.php on line 84
[09-Nov-2024 23:16:26 America/Manaus] PHP Fatal error:  Uncaught Error: Failed opening required 'C:\Users\ludaf\OneDrive\Projetos\FichasOP\/pages/404.php' (include_path='.;C:\php\pear') in C:\Users\ludaf\OneDrive\Projetos\FichasOP\index.php:84
Stack trace:
#0 {main}
  thrown in C:\Users\ludaf\OneDrive\Projetos\FichasOP\index.php on line 84
[09-Nov-2024 23:16:45 America/Manaus] PHP Fatal error:  Uncaught Error: Failed opening required 'C:\Users\ludaf\OneDrive\Projetos\FichasOP\/pages/404.php' (include_path='.;C:\php\pear') in C:\Users\ludaf\OneDrive\Projetos\FichasOP\index.php:84
Stack trace:
#0 {main}
  thrown in C:\Users\ludaf\OneDrive\Projetos\FichasOP\index.php on line 84
[09-Nov-2024 23:17:41 America/Manaus] PHP Fatal error:  Uncaught Error: Failed opening required 'C:\Users\ludaf\OneDrive\Projetos\FichasOP\/pages/404.php' (include_path='.;C:\php\pear') in C:\Users\ludaf\OneDrive\Projetos\FichasOP\index.php:84
Stack trace:
#0 {main}
  thrown in C:\Users\ludaf\OneDrive\Projetos\FichasOP\index.php on line 84
[09-Nov-2024 23:19:07 America/Manaus] PHP Fatal error:  Uncaught Error: Failed opening required 'C:\Users\ludaf\OneDrive\Projetos\FichasOP\/pages/404.php' (include_path='.;C:\php\pear') in C:\Users\ludaf\OneDrive\Projetos\FichasOP\index.php:84
Stack trace:
#0 {main}
  thrown in C:\Users\ludaf\OneDrive\Projetos\FichasOP\index.php on line 84
[09-Nov-2024 23:19:16 America/Manaus] PHP Fatal error:  Uncaught Error: Failed opening required 'C:\Users\ludaf\OneDrive\Projetos\FichasOP\/pages/404.php' (include_path='.;C:\php\pear') in C:\Users\ludaf\OneDrive\Projetos\FichasOP\index.php:84
Stack trace:
#0 {main}
  thrown in C:\Users\ludaf\OneDrive\Projetos\FichasOP\index.php on line 84
[09-Nov-2024 23:19:33 America/Manaus] PHP Fatal error:  Uncaught Error: Failed opening required 'C:\Users\ludaf\OneDrive\Projetos\FichasOP\/pages/404.php' (include_path='.;C:\php\pear') in C:\Users\ludaf\OneDrive\Projetos\FichasOP\index.php:84
Stack trace:
#0 {main}
  thrown in C:\Users\ludaf\OneDrive\Projetos\FichasOP\index.php on line 84
[09-Nov-2024 23:19:53 America/Manaus] PHP Fatal error:  Uncaught Error: Failed opening required 'C:\Users\ludaf\OneDrive\Projetos\FichasOP\/pages/404.php' (include_path='.;C:\php\pear') in C:\Users\ludaf\OneDrive\Projetos\FichasOP\index.php:84
Stack trace:
#0 {main}
  thrown in C:\Users\ludaf\OneDrive\Projetos\FichasOP\index.php on line 84
[09-Nov-2024 23:21:02 America/Manaus] PHP Fatal error:  Uncaught Error: Failed opening required 'C:\Users\ludaf\OneDrive\Projetos\FichasOP\/pages/404.php' (include_path='.;C:\php\pear') in C:\Users\ludaf\OneDrive\Projetos\FichasOP\index.php:84
Stack trace:
#0 {main}
  thrown in C:\Users\ludaf\OneDrive\Projetos\FichasOP\index.php on line 84
[09-Nov-2024 23:21:51 America/Manaus] PHP Fatal error:  Uncaught Error: Failed opening required 'C:\Users\ludaf\OneDrive\Projetos\FichasOP\/pages/404.php' (include_path='.;C:\php\pear') in C:\Users\ludaf\OneDrive\Projetos\FichasOP\index.php:84
Stack trace:
#0 {main}
  thrown in C:\Users\ludaf\OneDrive\Projetos\FichasOP\index.php on line 84
[09-Nov-2024 23:22:11 America/Manaus] PHP Fatal error:  Uncaught Error: Failed opening required 'C:\Users\ludaf\OneDrive\Projetos\FichasOP\/pages/404.php' (include_path='.;C:\php\pear') in C:\Users\ludaf\OneDrive\Projetos\FichasOP\index.php:84
Stack trace:
#0 {main}
  thrown in C:\Users\ludaf\OneDrive\Projetos\FichasOP\index.php on line 84
[09-Nov-2024 23:22:11 America/Manaus] PHP Fatal error:  Uncaught Error: Failed opening required 'C:\Users\ludaf\OneDrive\Projetos\FichasOP\/pages/404.php' (include_path='.;C:\php\pear') in C:\Users\ludaf\OneDrive\Projetos\FichasOP\index.php:84
Stack trace:
#0 {main}
  thrown in C:\Users\ludaf\OneDrive\Projetos\FichasOP\index.php on line 84
[09-Nov-2024 23:22:51 America/Manaus] PHP Fatal error:  Uncaught Error: Failed opening required 'C:\Users\ludaf\OneDrive\Projetos\FichasOP\/pages/404.php' (include_path='.;C:\php\pear') in C:\Users\ludaf\OneDrive\Projetos\FichasOP\index.php:84
Stack trace:
#0 {main}
  thrown in C:\Users\ludaf\OneDrive\Projetos\FichasOP\index.php on line 84
[09-Nov-2024 23:23:17 America/Manaus] PHP Fatal error:  Uncaught Error: Failed opening required 'C:\Users\ludaf\OneDrive\Projetos\FichasOP\/pages/404.php' (include_path='.;C:\php\pear') in C:\Users\ludaf\OneDrive\Projetos\FichasOP\index.php:84
Stack trace:
#0 {main}
  thrown in C:\Users\ludaf\OneDrive\Projetos\FichasOP\index.php on line 84
[09-Nov-2024 23:24:50 America/Manaus] PHP Fatal error:  Uncaught Error: Failed opening required 'C:\Users\ludaf\OneDrive\Projetos\FichasOP\/pages/404.php' (include_path='.;C:\php\pear') in C:\Users\ludaf\OneDrive\Projetos\FichasOP\index.php:84
Stack trace:
#0 {main}
  thrown in C:\Users\ludaf\OneDrive\Projetos\FichasOP\index.php on line 84
[09-Nov-2024 23:25:05 America/Manaus] PHP Fatal error:  Uncaught Error: Failed opening required 'C:\Users\ludaf\OneDrive\Projetos\FichasOP\/pages/404.php' (include_path='.;C:\php\pear') in C:\Users\ludaf\OneDrive\Projetos\FichasOP\index.php:84
Stack trace:
#0 {main}
  thrown in C:\Users\ludaf\OneDrive\Projetos\FichasOP\index.php on line 84
[09-Nov-2024 23:25:40 America/Manaus] PHP Fatal error:  Uncaught Error: Failed opening required 'C:\Users\ludaf\OneDrive\Projetos\FichasOP\/pages/404.php' (include_path='.;C:\php\pear') in C:\Users\ludaf\OneDrive\Projetos\FichasOP\index.php:84
Stack trace:
#0 {main}
  thrown in C:\Users\ludaf\OneDrive\Projetos\FichasOP\index.php on line 84
[09-Nov-2024 23:25:57 America/Manaus] PHP Fatal error:  Uncaught Error: Failed opening required 'C:\Users\ludaf\OneDrive\Projetos\FichasOP\/pages/404.php' (include_path='.;C:\php\pear') in C:\Users\ludaf\OneDrive\Projetos\FichasOP\index.php:84
Stack trace:
#0 {main}
  thrown in C:\Users\ludaf\OneDrive\Projetos\FichasOP\index.php on line 84
[09-Nov-2024 23:26:13 America/Manaus] PHP Fatal error:  Uncaught Error: Failed opening required 'C:\Users\ludaf\OneDrive\Projetos\FichasOP\/pages/404.php' (include_path='.;C:\php\pear') in C:\Users\ludaf\OneDrive\Projetos\FichasOP\index.php:84
Stack trace:
#0 {main}
  thrown in C:\Users\ludaf\OneDrive\Projetos\FichasOP\index.php on line 84
[09-Nov-2024 23:27:15 America/Manaus] PHP Fatal error:  Uncaught Error: Failed opening required 'C:\Users\ludaf\OneDrive\Projetos\FichasOP\/pages/404.php' (include_path='.;C:\php\pear') in C:\Users\ludaf\OneDrive\Projetos\FichasOP\index.php:84
Stack trace:
#0 {main}
  thrown in C:\Users\ludaf\OneDrive\Projetos\FichasOP\index.php on line 84
[09-Nov-2024 23:38:10 America/Manaus] PHP Fatal error:  Uncaught Error: Failed opening required 'C:\Users\ludaf\OneDrive\Projetos\FichasOP\/pages/404.php' (include_path='.;C:\php\pear') in C:\Users\ludaf\OneDrive\Projetos\FichasOP\index.php:84
Stack trace:
#0 {main}
  thrown in C:\Users\ludaf\OneDrive\Projetos\FichasOP\index.php on line 84
[09-Nov-2024 23:40:06 America/Manaus] PHP Fatal error:  Uncaught Error: Failed opening required 'C:\Users\ludaf\OneDrive\Projetos\FichasOP\/pages/404.php' (include_path='.;C:\php\pear') in C:\Users\ludaf\OneDrive\Projetos\FichasOP\index.php:84
Stack trace:
#0 {main}
  thrown in C:\Users\ludaf\OneDrive\Projetos\FichasOP\index.php on line 84
[10-Nov-2024 00:50:17 America/Manaus] PHP Fatal error:  Uncaught Error: Failed opening required 'C:\Users\ludaf\OneDrive\Projetos\FichasOP\/pages/404.php' (include_path='.;C:\php\pear') in C:\Users\ludaf\OneDrive\Projetos\FichasOP\index.php:84
Stack trace:
#0 {main}
  thrown in C:\Users\ludaf\OneDrive\Projetos\FichasOP\index.php on line 84
[10-Nov-2024 00:50:34 America/Manaus] PHP Fatal error:  Uncaught Error: Failed opening required 'C:\Users\ludaf\OneDrive\Projetos\FichasOP\/pages/404.php' (include_path='.;C:\php\pear') in C:\Users\ludaf\OneDrive\Projetos\FichasOP\index.php:84
Stack trace:
#0 {main}
  thrown in C:\Users\ludaf\OneDrive\Projetos\FichasOP\index.php on line 84
[10-Nov-2024 00:50:40 America/Manaus] PHP Fatal error:  Uncaught Error: Failed opening required 'C:\Users\ludaf\OneDrive\Projetos\FichasOP\/pages/404.php' (include_path='.;C:\php\pear') in C:\Users\ludaf\OneDrive\Projetos\FichasOP\index.php:84
Stack trace:
#0 {main}
  thrown in C:\Users\ludaf\OneDrive\Projetos\FichasOP\index.php on line 84
[10-Nov-2024 00:50:42 America/Manaus] PHP Fatal error:  Uncaught Error: Failed opening required 'C:\Users\ludaf\OneDrive\Projetos\FichasOP\/pages/404.php' (include_path='.;C:\php\pear') in C:\Users\ludaf\OneDrive\Projetos\FichasOP\index.php:84
Stack trace:
#0 {main}
  thrown in C:\Users\ludaf\OneDrive\Projetos\FichasOP\index.php on line 84
[10-Nov-2024 00:50:43 America/Manaus] PHP Fatal error:  Uncaught Error: Failed opening required 'C:\Users\ludaf\OneDrive\Projetos\FichasOP\/pages/404.php' (include_path='.;C:\php\pear') in C:\Users\ludaf\OneDrive\Projetos\FichasOP\index.php:84
Stack trace:
#0 {main}
  thrown in C:\Users\ludaf\OneDrive\Projetos\FichasOP\index.php on line 84
[10-Nov-2024 00:50:43 America/Manaus] PHP Fatal error:  Uncaught Error: Failed opening required 'C:\Users\ludaf\OneDrive\Projetos\FichasOP\/pages/404.php' (include_path='.;C:\php\pear') in C:\Users\ludaf\OneDrive\Projetos\FichasOP\index.php:84
Stack trace:
#0 {main}
  thrown in C:\Users\ludaf\OneDrive\Projetos\FichasOP\index.php on line 84
[10-Nov-2024 00:51:10 America/Manaus] PHP Fatal error:  Uncaught Error: Failed opening required 'C:\Users\ludaf\OneDrive\Projetos\FichasOP\/pages/404.php' (include_path='.;C:\php\pear') in C:\Users\ludaf\OneDrive\Projetos\FichasOP\index.php:84
Stack trace:
#0 {main}
  thrown in C:\Users\ludaf\OneDrive\Projetos\FichasOP\index.php on line 84
[10-Nov-2024 00:51:18 America/Manaus] PHP Fatal error:  Uncaught Error: Failed opening required 'C:\Users\ludaf\OneDrive\Projetos\FichasOP\/pages/404.php' (include_path='.;C:\php\pear') in C:\Users\ludaf\OneDrive\Projetos\FichasOP\index.php:84
Stack trace:
#0 {main}
  thrown in C:\Users\ludaf\OneDrive\Projetos\FichasOP\index.php on line 84
[10-Nov-2024 00:55:04 America/Manaus] PHP Fatal error:  Uncaught Error: Failed opening required 'C:\Users\ludaf\OneDrive\Projetos\FichasOP\/pages/404.php' (include_path='.;C:\php\pear') in C:\Users\ludaf\OneDrive\Projetos\FichasOP\index.php:84
Stack trace:
#0 {main}
  thrown in C:\Users\ludaf\OneDrive\Projetos\FichasOP\index.php on line 84
[10-Nov-2024 00:55:26 America/Manaus] PHP Fatal error:  Uncaught Error: Failed opening required 'C:\Users\ludaf\OneDrive\Projetos\FichasOP\/pages/404.php' (include_path='.;C:\php\pear') in C:\Users\ludaf\OneDrive\Projetos\FichasOP\index.php:84
Stack trace:
#0 {main}
  thrown in C:\Users\ludaf\OneDrive\Projetos\FichasOP\index.php on line 84
[10-Nov-2024 00:55:56 America/Manaus] PHP Fatal error:  Uncaught Error: Failed opening required 'C:\Users\ludaf\OneDrive\Projetos\FichasOP\/pages/404.php' (include_path='.;C:\php\pear') in C:\Users\ludaf\OneDrive\Projetos\FichasOP\index.php:84
Stack trace:
#0 {main}
  thrown in C:\Users\ludaf\OneDrive\Projetos\FichasOP\index.php on line 84
[10-Nov-2024 00:56:41 America/Manaus] PHP Fatal error:  Uncaught Error: Failed opening required 'C:\Users\ludaf\OneDrive\Projetos\FichasOP\/pages/404.php' (include_path='.;C:\php\pear') in C:\Users\ludaf\OneDrive\Projetos\FichasOP\index.php:84
Stack trace:
#0 {main}
  thrown in C:\Users\ludaf\OneDrive\Projetos\FichasOP\index.php on line 84
[10-Nov-2024 00:56:48 America/Manaus] PHP Fatal error:  Uncaught Error: Failed opening required 'C:\Users\ludaf\OneDrive\Projetos\FichasOP\/pages/404.php' (include_path='.;C:\php\pear') in C:\Users\ludaf\OneDrive\Projetos\FichasOP\index.php:84
Stack trace:
#0 {main}
  thrown in C:\Users\ludaf\OneDrive\Projetos\FichasOP\index.php on line 84
[10-Nov-2024 00:56:52 America/Manaus] PHP Fatal error:  Uncaught Error: Failed opening required 'C:\Users\ludaf\OneDrive\Projetos\FichasOP\/pages/404.php' (include_path='.;C:\php\pear') in C:\Users\ludaf\OneDrive\Projetos\FichasOP\index.php:84
Stack trace:
#0 {main}
  thrown in C:\Users\ludaf\OneDrive\Projetos\FichasOP\index.php on line 84
[10-Nov-2024 00:57:08 America/Manaus] PHP Fatal error:  Uncaught Error: Failed opening required 'C:\Users\ludaf\OneDrive\Projetos\FichasOP\/pages/404.php' (include_path='.;C:\php\pear') in C:\Users\ludaf\OneDrive\Projetos\FichasOP\index.php:84
Stack trace:
#0 {main}
  thrown in C:\Users\ludaf\OneDrive\Projetos\FichasOP\index.php on line 84
[10-Nov-2024 00:57:48 America/Manaus] PHP Fatal error:  Uncaught Error: Failed opening required 'C:\Users\ludaf\OneDrive\Projetos\FichasOP\/pages/404.php' (include_path='.;C:\php\pear') in C:\Users\ludaf\OneDrive\Projetos\FichasOP\index.php:84
Stack trace:
#0 {main}
  thrown in C:\Users\ludaf\OneDrive\Projetos\FichasOP\index.php on line 84
[10-Nov-2024 00:58:02 America/Manaus] PHP Fatal error:  Uncaught Error: Failed opening required 'C:\Users\ludaf\OneDrive\Projetos\FichasOP\/pages/404.php' (include_path='.;C:\php\pear') in C:\Users\ludaf\OneDrive\Projetos\FichasOP\index.php:84
Stack trace:
#0 {main}
  thrown in C:\Users\ludaf\OneDrive\Projetos\FichasOP\index.php on line 84
[10-Nov-2024 00:59:51 America/Manaus] PHP Fatal error:  Uncaught Error: Failed opening required 'C:\Users\ludaf\OneDrive\Projetos\FichasOP\/pages/404.php' (include_path='.;C:\php\pear') in C:\Users\ludaf\OneDrive\Projetos\FichasOP\index.php:84
Stack trace:
#0 {main}
  thrown in C:\Users\ludaf\OneDrive\Projetos\FichasOP\index.php on line 84
[10-Nov-2024 01:00:07 America/Manaus] PHP Fatal error:  Uncaught Error: Failed opening required 'C:\Users\ludaf\OneDrive\Projetos\FichasOP\/pages/404.php' (include_path='.;C:\php\pear') in C:\Users\ludaf\OneDrive\Projetos\FichasOP\index.php:84
Stack trace:
#0 {main}
  thrown in C:\Users\ludaf\OneDrive\Projetos\FichasOP\index.php on line 84
[10-Nov-2024 01:00:32 America/Manaus] PHP Fatal error:  Uncaught Error: Failed opening required 'C:\Users\ludaf\OneDrive\Projetos\FichasOP\/pages/404.php' (include_path='.;C:\php\pear') in C:\Users\ludaf\OneDrive\Projetos\FichasOP\index.php:84
Stack trace:
#0 {main}
  thrown in C:\Users\ludaf\OneDrive\Projetos\FichasOP\index.php on line 84
[10-Nov-2024 01:01:03 America/Manaus] PHP Fatal error:  Uncaught Error: Failed opening required 'C:\Users\ludaf\OneDrive\Projetos\FichasOP\/pages/404.php' (include_path='.;C:\php\pear') in C:\Users\ludaf\OneDrive\Projetos\FichasOP\index.php:84
Stack trace:
#0 {main}
  thrown in C:\Users\ludaf\OneDrive\Projetos\FichasOP\index.php on line 84
[10-Nov-2024 01:01:37 America/Manaus] PHP Fatal error:  Uncaught Error: Failed opening required 'C:\Users\ludaf\OneDrive\Projetos\FichasOP\/pages/404.php' (include_path='.;C:\php\pear') in C:\Users\ludaf\OneDrive\Projetos\FichasOP\index.php:84
Stack trace:
#0 {main}
  thrown in C:\Users\ludaf\OneDrive\Projetos\FichasOP\index.php on line 84
[10-Nov-2024 01:01:43 America/Manaus] PHP Fatal error:  Uncaught Error: Failed opening required 'C:\Users\ludaf\OneDrive\Projetos\FichasOP\/pages/404.php' (include_path='.;C:\php\pear') in C:\Users\ludaf\OneDrive\Projetos\FichasOP\index.php:84
Stack trace:
#0 {main}
  thrown in C:\Users\ludaf\OneDrive\Projetos\FichasOP\index.php on line 84
[10-Nov-2024 01:02:31 America/Manaus] PHP Fatal error:  Uncaught Error: Failed opening required 'C:\Users\ludaf\OneDrive\Projetos\FichasOP\/pages/404.php' (include_path='.;C:\php\pear') in C:\Users\ludaf\OneDrive\Projetos\FichasOP\index.php:84
Stack trace:
#0 {main}
  thrown in C:\Users\ludaf\OneDrive\Projetos\FichasOP\index.php on line 84
[10-Nov-2024 01:02:44 America/Manaus] PHP Fatal error:  Uncaught Error: Failed opening required 'C:\Users\ludaf\OneDrive\Projetos\FichasOP\/pages/404.php' (include_path='.;C:\php\pear') in C:\Users\ludaf\OneDrive\Projetos\FichasOP\index.php:84
Stack trace:
#0 {main}
  thrown in C:\Users\ludaf\OneDrive\Projetos\FichasOP\index.php on line 84
[10-Nov-2024 01:03:00 America/Manaus] PHP Fatal error:  Uncaught Error: Failed opening required 'C:\Users\ludaf\OneDrive\Projetos\FichasOP\/pages/404.php' (include_path='.;C:\php\pear') in C:\Users\ludaf\OneDrive\Projetos\FichasOP\index.php:84
Stack trace:
#0 {main}
  thrown in C:\Users\ludaf\OneDrive\Projetos\FichasOP\index.php on line 84
[10-Nov-2024 01:10:03 America/Manaus] PHP Fatal error:  Uncaught Error: Failed opening required 'C:\Users\ludaf\OneDrive\Projetos\FichasOP\/pages/404.php' (include_path='.;C:\php\pear') in C:\Users\ludaf\OneDrive\Projetos\FichasOP\index.php:84
Stack trace:
#0 {main}
  thrown in C:\Users\ludaf\OneDrive\Projetos\FichasOP\index.php on line 84
[10-Nov-2024 01:10:29 America/Manaus] PHP Fatal error:  Uncaught Error: Failed opening required 'C:\Users\ludaf\OneDrive\Projetos\FichasOP\/pages/404.php' (include_path='.;C:\php\pear') in C:\Users\ludaf\OneDrive\Projetos\FichasOP\index.php:84
Stack trace:
#0 {main}
  thrown in C:\Users\ludaf\OneDrive\Projetos\FichasOP\index.php on line 84
[10-Nov-2024 01:11:37 America/Manaus] PHP Fatal error:  Uncaught Error: Failed opening required 'C:\Users\ludaf\OneDrive\Projetos\FichasOP\/pages/404.php' (include_path='.;C:\php\pear') in C:\Users\ludaf\OneDrive\Projetos\FichasOP\index.php:84
Stack trace:
#0 {main}
  thrown in C:\Users\ludaf\OneDrive\Projetos\FichasOP\index.php on line 84
[10-Nov-2024 01:12:46 America/Manaus] PHP Fatal error:  Uncaught Error: Failed opening required 'C:\Users\ludaf\OneDrive\Projetos\FichasOP\/pages/404.php' (include_path='.;C:\php\pear') in C:\Users\ludaf\OneDrive\Projetos\FichasOP\index.php:84
Stack trace:
#0 {main}
  thrown in C:\Users\ludaf\OneDrive\Projetos\FichasOP\index.php on line 84
[10-Nov-2024 01:12:52 America/Manaus] PHP Fatal error:  Uncaught Error: Failed opening required 'C:\Users\ludaf\OneDrive\Projetos\FichasOP\/pages/404.php' (include_path='.;C:\php\pear') in C:\Users\ludaf\OneDrive\Projetos\FichasOP\index.php:84
Stack trace:
#0 {main}
  thrown in C:\Users\ludaf\OneDrive\Projetos\FichasOP\index.php on line 84
[10-Nov-2024 01:14:16 America/Manaus] PHP Fatal error:  Uncaught Error: Failed opening required 'C:\Users\ludaf\OneDrive\Projetos\FichasOP\/pages/404.php' (include_path='.;C:\php\pear') in C:\Users\ludaf\OneDrive\Projetos\FichasOP\index.php:84
Stack trace:
#0 {main}
  thrown in C:\Users\ludaf\OneDrive\Projetos\FichasOP\index.php on line 84
[10-Nov-2024 01:14:24 America/Manaus] PHP Fatal error:  Uncaught Error: Failed opening required 'C:\Users\ludaf\OneDrive\Projetos\FichasOP\/pages/404.php' (include_path='.;C:\php\pear') in C:\Users\ludaf\OneDrive\Projetos\FichasOP\index.php:84
Stack trace:
#0 {main}
  thrown in C:\Users\ludaf\OneDrive\Projetos\FichasOP\index.php on line 84
[10-Nov-2024 01:23:27 America/Manaus] PHP Fatal error:  Uncaught Error: Failed opening required 'C:\Users\ludaf\OneDrive\Projetos\FichasOP\/pages/404.php' (include_path='.;C:\php\pear') in C:\Users\ludaf\OneDrive\Projetos\FichasOP\index.php:84
Stack trace:
#0 {main}
  thrown in C:\Users\ludaf\OneDrive\Projetos\FichasOP\index.php on line 84
[10-Nov-2024 01:23:47 America/Manaus] PHP Fatal error:  Uncaught Error: Failed opening required 'C:\Users\ludaf\OneDrive\Projetos\FichasOP\/pages/404.php' (include_path='.;C:\php\pear') in C:\Users\ludaf\OneDrive\Projetos\FichasOP\index.php:84
Stack trace:
#0 {main}
  thrown in C:\Users\ludaf\OneDrive\Projetos\FichasOP\index.php on line 84
[10-Nov-2024 01:23:52 America/Manaus] PHP Fatal error:  Uncaught Error: Failed opening required 'C:\Users\ludaf\OneDrive\Projetos\FichasOP\/pages/404.php' (include_path='.;C:\php\pear') in C:\Users\ludaf\OneDrive\Projetos\FichasOP\index.php:84
Stack trace:
#0 {main}
  thrown in C:\Users\ludaf\OneDrive\Projetos\FichasOP\index.php on line 84
[10-Nov-2024 01:23:55 America/Manaus] PHP Fatal error:  Uncaught Error: Failed opening required 'C:\Users\ludaf\OneDrive\Projetos\FichasOP\/pages/404.php' (include_path='.;C:\php\pear') in C:\Users\ludaf\OneDrive\Projetos\FichasOP\index.php:84
Stack trace:
#0 {main}
  thrown in C:\Users\ludaf\OneDrive\Projetos\FichasOP\index.php on line 84
[10-Nov-2024 01:24:00 America/Manaus] PHP Fatal error:  Uncaught Error: Failed opening required 'C:\Users\ludaf\OneDrive\Projetos\FichasOP\/pages/404.php' (include_path='.;C:\php\pear') in C:\Users\ludaf\OneDrive\Projetos\FichasOP\index.php:84
Stack trace:
#0 {main}
  thrown in C:\Users\ludaf\OneDrive\Projetos\FichasOP\index.php on line 84
[10-Nov-2024 01:24:05 America/Manaus] PHP Fatal error:  Uncaught Error: Failed opening required 'C:\Users\ludaf\OneDrive\Projetos\FichasOP\/pages/404.php' (include_path='.;C:\php\pear') in C:\Users\ludaf\OneDrive\Projetos\FichasOP\index.php:84
Stack trace:
#0 {main}
  thrown in C:\Users\ludaf\OneDrive\Projetos\FichasOP\index.php on line 84
[10-Nov-2024 01:24:07 America/Manaus] PHP Fatal error:  Uncaught Error: Failed opening required 'C:\Users\ludaf\OneDrive\Projetos\FichasOP\/pages/404.php' (include_path='.;C:\php\pear') in C:\Users\ludaf\OneDrive\Projetos\FichasOP\index.php:84
Stack trace:
#0 {main}
  thrown in C:\Users\ludaf\OneDrive\Projetos\FichasOP\index.php on line 84
[10-Nov-2024 01:24:08 America/Manaus] PHP Fatal error:  Uncaught Error: Failed opening required 'C:\Users\ludaf\OneDrive\Projetos\FichasOP\/pages/404.php' (include_path='.;C:\php\pear') in C:\Users\ludaf\OneDrive\Projetos\FichasOP\index.php:84
Stack trace:
#0 {main}
  thrown in C:\Users\ludaf\OneDrive\Projetos\FichasOP\index.php on line 84
[10-Nov-2024 01:24:10 America/Manaus] PHP Fatal error:  Uncaught Error: Failed opening required 'C:\Users\ludaf\OneDrive\Projetos\FichasOP\/pages/404.php' (include_path='.;C:\php\pear') in C:\Users\ludaf\OneDrive\Projetos\FichasOP\index.php:84
Stack trace:
#0 {main}
  thrown in C:\Users\ludaf\OneDrive\Projetos\FichasOP\index.php on line 84
[10-Nov-2024 01:24:11 America/Manaus] PHP Fatal error:  Uncaught Error: Failed opening required 'C:\Users\ludaf\OneDrive\Projetos\FichasOP\/pages/404.php' (include_path='.;C:\php\pear') in C:\Users\ludaf\OneDrive\Projetos\FichasOP\index.php:84
Stack trace:
#0 {main}
  thrown in C:\Users\ludaf\OneDrive\Projetos\FichasOP\index.php on line 84
[10-Nov-2024 01:24:14 America/Manaus] PHP Fatal error:  Uncaught Error: Failed opening required 'C:\Users\ludaf\OneDrive\Projetos\FichasOP\/pages/404.php' (include_path='.;C:\php\pear') in C:\Users\ludaf\OneDrive\Projetos\FichasOP\index.php:84
Stack trace:
#0 {main}
  thrown in C:\Users\ludaf\OneDrive\Projetos\FichasOP\index.php on line 84
[10-Nov-2024 01:24:15 America/Manaus] PHP Fatal error:  Uncaught Error: Failed opening required 'C:\Users\ludaf\OneDrive\Projetos\FichasOP\/pages/404.php' (include_path='.;C:\php\pear') in C:\Users\ludaf\OneDrive\Projetos\FichasOP\index.php:84
Stack trace:
#0 {main}
  thrown in C:\Users\ludaf\OneDrive\Projetos\FichasOP\index.php on line 84
[10-Nov-2024 01:24:19 America/Manaus] PHP Fatal error:  Uncaught Error: Failed opening required 'C:\Users\ludaf\OneDrive\Projetos\FichasOP\/pages/404.php' (include_path='.;C:\php\pear') in C:\Users\ludaf\OneDrive\Projetos\FichasOP\index.php:84
Stack trace:
#0 {main}
  thrown in C:\Users\ludaf\OneDrive\Projetos\FichasOP\index.php on line 84
[10-Nov-2024 01:24:22 America/Manaus] PHP Fatal error:  Uncaught Error: Failed opening required 'C:\Users\ludaf\OneDrive\Projetos\FichasOP\/pages/404.php' (include_path='.;C:\php\pear') in C:\Users\ludaf\OneDrive\Projetos\FichasOP\index.php:84
Stack trace:
#0 {main}
  thrown in C:\Users\ludaf\OneDrive\Projetos\FichasOP\index.php on line 84
[10-Nov-2024 01:24:23 America/Manaus] PHP Fatal error:  Uncaught Error: Failed opening required 'C:\Users\ludaf\OneDrive\Projetos\FichasOP\/pages/404.php' (include_path='.;C:\php\pear') in C:\Users\ludaf\OneDrive\Projetos\FichasOP\index.php:84
Stack trace:
#0 {main}
  thrown in C:\Users\ludaf\OneDrive\Projetos\FichasOP\index.php on line 84
[10-Nov-2024 01:24:24 America/Manaus] PHP Fatal error:  Uncaught Error: Failed opening required 'C:\Users\ludaf\OneDrive\Projetos\FichasOP\/pages/404.php' (include_path='.;C:\php\pear') in C:\Users\ludaf\OneDrive\Projetos\FichasOP\index.php:84
Stack trace:
#0 {main}
  thrown in C:\Users\ludaf\OneDrive\Projetos\FichasOP\index.php on line 84
[10-Nov-2024 01:24:24 America/Manaus] PHP Fatal error:  Uncaught Error: Failed opening required 'C:\Users\ludaf\OneDrive\Projetos\FichasOP\/pages/404.php' (include_path='.;C:\php\pear') in C:\Users\ludaf\OneDrive\Projetos\FichasOP\index.php:84
Stack trace:
#0 {main}
  thrown in C:\Users\ludaf\OneDrive\Projetos\FichasOP\index.php on line 84
[10-Nov-2024 01:24:25 America/Manaus] PHP Fatal error:  Uncaught Error: Failed opening required 'C:\Users\ludaf\OneDrive\Projetos\FichasOP\/pages/404.php' (include_path='.;C:\php\pear') in C:\Users\ludaf\OneDrive\Projetos\FichasOP\index.php:84
Stack trace:
#0 {main}
  thrown in C:\Users\ludaf\OneDrive\Projetos\FichasOP\index.php on line 84
[10-Nov-2024 01:24:25 America/Manaus] PHP Fatal error:  Uncaught Error: Failed opening required 'C:\Users\ludaf\OneDrive\Projetos\FichasOP\/pages/404.php' (include_path='.;C:\php\pear') in C:\Users\ludaf\OneDrive\Projetos\FichasOP\index.php:84
Stack trace:
#0 {main}
  thrown in C:\Users\ludaf\OneDrive\Projetos\FichasOP\index.php on line 84
[10-Nov-2024 01:24:26 America/Manaus] PHP Fatal error:  Uncaught Error: Failed opening required 'C:\Users\ludaf\OneDrive\Projetos\FichasOP\/pages/404.php' (include_path='.;C:\php\pear') in C:\Users\ludaf\OneDrive\Projetos\FichasOP\index.php:84
Stack trace:
#0 {main}
  thrown in C:\Users\ludaf\OneDrive\Projetos\FichasOP\index.php on line 84
[10-Nov-2024 01:24:27 America/Manaus] PHP Fatal error:  Uncaught Error: Failed opening required 'C:\Users\ludaf\OneDrive\Projetos\FichasOP\/pages/404.php' (include_path='.;C:\php\pear') in C:\Users\ludaf\OneDrive\Projetos\FichasOP\index.php:84
Stack trace:
#0 {main}
  thrown in C:\Users\ludaf\OneDrive\Projetos\FichasOP\index.php on line 84
[10-Nov-2024 01:24:35 America/Manaus] PHP Fatal error:  Uncaught Error: Failed opening required 'C:\Users\ludaf\OneDrive\Projetos\FichasOP\/pages/404.php' (include_path='.;C:\php\pear') in C:\Users\ludaf\OneDrive\Projetos\FichasOP\index.php:84
Stack trace:
#0 {main}
  thrown in C:\Users\ludaf\OneDrive\Projetos\FichasOP\index.php on line 84
[10-Nov-2024 01:25:54 America/Manaus] PHP Fatal error:  Uncaught Error: Failed opening required 'C:\Users\ludaf\OneDrive\Projetos\FichasOP\/pages/404.php' (include_path='.;C:\php\pear') in C:\Users\ludaf\OneDrive\Projetos\FichasOP\index.php:84
Stack trace:
#0 {main}
  thrown in C:\Users\ludaf\OneDrive\Projetos\FichasOP\index.php on line 84
[10-Nov-2024 01:32:07 America/Manaus] PHP Fatal error:  Uncaught Error: Failed opening required 'C:\Users\ludaf\OneDrive\Projetos\FichasOP\/pages/404.php' (include_path='.;C:\php\pear') in C:\Users\ludaf\OneDrive\Projetos\FichasOP\index.php:84
Stack trace:
#0 {main}
  thrown in C:\Users\ludaf\OneDrive\Projetos\FichasOP\index.php on line 84
[10-Nov-2024 01:33:30 America/Manaus] PHP Fatal error:  Uncaught Error: Failed opening required 'C:\Users\ludaf\OneDrive\Projetos\FichasOP\/pages/404.php' (include_path='.;C:\php\pear') in C:\Users\ludaf\OneDrive\Projetos\FichasOP\index.php:84
Stack trace:
#0 {main}
  thrown in C:\Users\ludaf\OneDrive\Projetos\FichasOP\index.php on line 84
[10-Nov-2024 01:36:48 America/Manaus] PHP Fatal error:  Uncaught Error: Failed opening required 'C:\Users\ludaf\OneDrive\Projetos\FichasOP\/pages/404.php' (include_path='.;C:\php\pear') in C:\Users\ludaf\OneDrive\Projetos\FichasOP\index.php:84
Stack trace:
#0 {main}
  thrown in C:\Users\ludaf\OneDrive\Projetos\FichasOP\index.php on line 84
[10-Nov-2024 01:40:56 America/Manaus] PHP Fatal error:  Uncaught Error: Failed opening required 'C:\Users\ludaf\OneDrive\Projetos\FichasOP\/pages/404.php' (include_path='.;C:\php\pear') in C:\Users\ludaf\OneDrive\Projetos\FichasOP\index.php:84
Stack trace:
#0 {main}
  thrown in C:\Users\ludaf\OneDrive\Projetos\FichasOP\index.php on line 84
[10-Nov-2024 01:44:52 America/Manaus] PHP Fatal error:  Uncaught Error: Failed opening required 'C:\Users\ludaf\OneDrive\Projetos\FichasOP\/pages/404.php' (include_path='.;C:\php\pear') in C:\Users\ludaf\OneDrive\Projetos\FichasOP\index.php:84
Stack trace:
#0 {main}
  thrown in C:\Users\ludaf\OneDrive\Projetos\FichasOP\index.php on line 84
[10-Nov-2024 02:05:39 America/Manaus] PHP Fatal error:  Uncaught Error: Failed opening required 'C:\Users\ludaf\OneDrive\Projetos\FichasOP\/pages/404.php' (include_path='.;C:\php\pear') in C:\Users\ludaf\OneDrive\Projetos\FichasOP\index.php:84
Stack trace:
#0 {main}
  thrown in C:\Users\ludaf\OneDrive\Projetos\FichasOP\index.php on line 84
[10-Nov-2024 02:06:05 America/Manaus] PHP Fatal error:  Uncaught Error: Failed opening required 'C:\Users\ludaf\OneDrive\Projetos\FichasOP\/pages/404.php' (include_path='.;C:\php\pear') in C:\Users\ludaf\OneDrive\Projetos\FichasOP\index.php:84
Stack trace:
#0 {main}
  thrown in C:\Users\ludaf\OneDrive\Projetos\FichasOP\index.php on line 84
[10-Nov-2024 02:06:46 America/Manaus] PHP Fatal error:  Uncaught Error: Failed opening required 'C:\Users\ludaf\OneDrive\Projetos\FichasOP\/pages/404.php' (include_path='.;C:\php\pear') in C:\Users\ludaf\OneDrive\Projetos\FichasOP\index.php:84
Stack trace:
#0 {main}
  thrown in C:\Users\ludaf\OneDrive\Projetos\FichasOP\index.php on line 84
[10-Nov-2024 02:07:56 America/Manaus] PHP Fatal error:  Uncaught Error: Failed opening required 'C:\Users\ludaf\OneDrive\Projetos\FichasOP\/pages/404.php' (include_path='.;C:\php\pear') in C:\Users\ludaf\OneDrive\Projetos\FichasOP\index.php:84
Stack trace:
#0 {main}
  thrown in C:\Users\ludaf\OneDrive\Projetos\FichasOP\index.php on line 84
[10-Nov-2024 02:08:14 America/Manaus] PHP Fatal error:  Uncaught Error: Failed opening required 'C:\Users\ludaf\OneDrive\Projetos\FichasOP\/pages/404.php' (include_path='.;C:\php\pear') in C:\Users\ludaf\OneDrive\Projetos\FichasOP\index.php:84
Stack trace:
#0 {main}
  thrown in C:\Users\ludaf\OneDrive\Projetos\FichasOP\index.php on line 84
[10-Nov-2024 02:08:52 America/Manaus] PHP Fatal error:  Uncaught Error: Failed opening required 'C:\Users\ludaf\OneDrive\Projetos\FichasOP\/pages/404.php' (include_path='.;C:\php\pear') in C:\Users\ludaf\OneDrive\Projetos\FichasOP\index.php:84
Stack trace:
#0 {main}
  thrown in C:\Users\ludaf\OneDrive\Projetos\FichasOP\index.php on line 84
[10-Nov-2024 02:09:11 America/Manaus] PHP Fatal error:  Uncaught Error: Failed opening required 'C:\Users\ludaf\OneDrive\Projetos\FichasOP\/pages/404.php' (include_path='.;C:\php\pear') in C:\Users\ludaf\OneDrive\Projetos\FichasOP\index.php:84
Stack trace:
#0 {main}
  thrown in C:\Users\ludaf\OneDrive\Projetos\FichasOP\index.php on line 84
[10-Nov-2024 02:10:33 America/Manaus] PHP Fatal error:  Uncaught Error: Failed opening required 'C:\Users\ludaf\OneDrive\Projetos\FichasOP\/pages/404.php' (include_path='.;C:\php\pear') in C:\Users\ludaf\OneDrive\Projetos\FichasOP\index.php:84
Stack trace:
#0 {main}
  thrown in C:\Users\ludaf\OneDrive\Projetos\FichasOP\index.php on line 84
[10-Nov-2024 02:10:36 America/Manaus] PHP Fatal error:  Uncaught Error: Failed opening required 'C:\Users\ludaf\OneDrive\Projetos\FichasOP\/pages/404.php' (include_path='.;C:\php\pear') in C:\Users\ludaf\OneDrive\Projetos\FichasOP\index.php:84
Stack trace:
#0 {main}
  thrown in C:\Users\ludaf\OneDrive\Projetos\FichasOP\index.php on line 84
[10-Nov-2024 02:12:11 America/Manaus] PHP Fatal error:  Uncaught Error: Failed opening required 'C:\Users\ludaf\OneDrive\Projetos\FichasOP\/pages/404.php' (include_path='.;C:\php\pear') in C:\Users\ludaf\OneDrive\Projetos\FichasOP\index.php:84
Stack trace:
#0 {main}
  thrown in C:\Users\ludaf\OneDrive\Projetos\FichasOP\index.php on line 84
[10-Nov-2024 02:13:57 America/Manaus] PHP Fatal error:  Uncaught Error: Failed opening required 'C:\Users\ludaf\OneDrive\Projetos\FichasOP\/pages/404.php' (include_path='.;C:\php\pear') in C:\Users\ludaf\OneDrive\Projetos\FichasOP\index.php:84
Stack trace:
#0 {main}
  thrown in C:\Users\ludaf\OneDrive\Projetos\FichasOP\index.php on line 84
[10-Nov-2024 02:16:57 America/Manaus] PHP Fatal error:  Uncaught Error: Failed opening required 'C:\Users\ludaf\OneDrive\Projetos\FichasOP\/pages/404.php' (include_path='.;C:\php\pear') in C:\Users\ludaf\OneDrive\Projetos\FichasOP\index.php:84
Stack trace:
#0 {main}
  thrown in C:\Users\ludaf\OneDrive\Projetos\FichasOP\index.php on line 84
[10-Nov-2024 02:17:52 America/Manaus] PHP Fatal error:  Uncaught Error: Failed opening required 'C:\Users\ludaf\OneDrive\Projetos\FichasOP\/pages/404.php' (include_path='.;C:\php\pear') in C:\Users\ludaf\OneDrive\Projetos\FichasOP\index.php:84
Stack trace:
#0 {main}
  thrown in C:\Users\ludaf\OneDrive\Projetos\FichasOP\index.php on line 84
[10-Nov-2024 02:19:20 America/Manaus] PHP Fatal error:  Uncaught Error: Failed opening required 'C:\Users\ludaf\OneDrive\Projetos\FichasOP\/pages/404.php' (include_path='.;C:\php\pear') in C:\Users\ludaf\OneDrive\Projetos\FichasOP\index.php:84
Stack trace:
#0 {main}
  thrown in C:\Users\ludaf\OneDrive\Projetos\FichasOP\index.php on line 84
[10-Nov-2024 02:19:30 America/Manaus] PHP Fatal error:  Uncaught Error: Failed opening required 'C:\Users\ludaf\OneDrive\Projetos\FichasOP\/pages/404.php' (include_path='.;C:\php\pear') in C:\Users\ludaf\OneDrive\Projetos\FichasOP\index.php:84
Stack trace:
#0 {main}
  thrown in C:\Users\ludaf\OneDrive\Projetos\FichasOP\index.php on line 84
[10-Nov-2024 02:19:44 America/Manaus] PHP Fatal error:  Uncaught Error: Failed opening required 'C:\Users\ludaf\OneDrive\Projetos\FichasOP\/pages/404.php' (include_path='.;C:\php\pear') in C:\Users\ludaf\OneDrive\Projetos\FichasOP\index.php:84
Stack trace:
#0 {main}
  thrown in C:\Users\ludaf\OneDrive\Projetos\FichasOP\index.php on line 84
[10-Nov-2024 02:19:52 America/Manaus] PHP Fatal error:  Uncaught Error: Failed opening required 'C:\Users\ludaf\OneDrive\Projetos\FichasOP\/pages/404.php' (include_path='.;C:\php\pear') in C:\Users\ludaf\OneDrive\Projetos\FichasOP\index.php:84
Stack trace:
#0 {main}
  thrown in C:\Users\ludaf\OneDrive\Projetos\FichasOP\index.php on line 84
[10-Nov-2024 02:20:17 America/Manaus] PHP Fatal error:  Uncaught Error: Failed opening required 'C:\Users\ludaf\OneDrive\Projetos\FichasOP\/pages/404.php' (include_path='.;C:\php\pear') in C:\Users\ludaf\OneDrive\Projetos\FichasOP\index.php:84
Stack trace:
#0 {main}
  thrown in C:\Users\ludaf\OneDrive\Projetos\FichasOP\index.php on line 84
[10-Nov-2024 02:20:23 America/Manaus] PHP Fatal error:  Uncaught Error: Failed opening required 'C:\Users\ludaf\OneDrive\Projetos\FichasOP\/pages/404.php' (include_path='.;C:\php\pear') in C:\Users\ludaf\OneDrive\Projetos\FichasOP\index.php:84
Stack trace:
#0 {main}
  thrown in C:\Users\ludaf\OneDrive\Projetos\FichasOP\index.php on line 84
[10-Nov-2024 02:20:41 America/Manaus] PHP Fatal error:  Uncaught Error: Failed opening required 'C:\Users\ludaf\OneDrive\Projetos\FichasOP\/pages/404.php' (include_path='.;C:\php\pear') in C:\Users\ludaf\OneDrive\Projetos\FichasOP\index.php:84
Stack trace:
#0 {main}
  thrown in C:\Users\ludaf\OneDrive\Projetos\FichasOP\index.php on line 84
[10-Nov-2024 02:20:48 America/Manaus] PHP Fatal error:  Uncaught Error: Failed opening required 'C:\Users\ludaf\OneDrive\Projetos\FichasOP\/pages/404.php' (include_path='.;C:\php\pear') in C:\Users\ludaf\OneDrive\Projetos\FichasOP\index.php:84
Stack trace:
#0 {main}
  thrown in C:\Users\ludaf\OneDrive\Projetos\FichasOP\index.php on line 84
[10-Nov-2024 02:20:56 America/Manaus] PHP Fatal error:  Uncaught Error: Failed opening required 'C:\Users\ludaf\OneDrive\Projetos\FichasOP\/pages/404.php' (include_path='.;C:\php\pear') in C:\Users\ludaf\OneDrive\Projetos\FichasOP\index.php:84
Stack trace:
#0 {main}
  thrown in C:\Users\ludaf\OneDrive\Projetos\FichasOP\index.php on line 84
[10-Nov-2024 02:21:35 America/Manaus] PHP Fatal error:  Uncaught Error: Failed opening required 'C:\Users\ludaf\OneDrive\Projetos\FichasOP\/pages/404.php' (include_path='.;C:\php\pear') in C:\Users\ludaf\OneDrive\Projetos\FichasOP\index.php:84
Stack trace:
#0 {main}
  thrown in C:\Users\ludaf\OneDrive\Projetos\FichasOP\index.php on line 84
[10-Nov-2024 02:21:53 America/Manaus] PHP Fatal error:  Uncaught Error: Failed opening required 'C:\Users\ludaf\OneDrive\Projetos\FichasOP\/pages/404.php' (include_path='.;C:\php\pear') in C:\Users\ludaf\OneDrive\Projetos\FichasOP\index.php:84
Stack trace:
#0 {main}
  thrown in C:\Users\ludaf\OneDrive\Projetos\FichasOP\index.php on line 84
[10-Nov-2024 02:29:10 America/Manaus] PHP Fatal error:  Uncaught Error: Failed opening required 'C:\Users\ludaf\OneDrive\Projetos\FichasOP\/pages/404.php' (include_path='.;C:\php\pear') in C:\Users\ludaf\OneDrive\Projetos\FichasOP\index.php:84
Stack trace:
#0 {main}
  thrown in C:\Users\ludaf\OneDrive\Projetos\FichasOP\index.php on line 84
[10-Nov-2024 02:34:14 America/Manaus] PHP Fatal error:  Uncaught Error: Failed opening required 'C:\Users\ludaf\OneDrive\Projetos\FichasOP\/pages/404.php' (include_path='.;C:\php\pear') in C:\Users\ludaf\OneDrive\Projetos\FichasOP\index.php:84
Stack trace:
#0 {main}
  thrown in C:\Users\ludaf\OneDrive\Projetos\FichasOP\index.php on line 84
[10-Nov-2024 02:36:14 America/Manaus] PHP Fatal error:  Uncaught Error: Failed opening required 'C:\Users\ludaf\OneDrive\Projetos\FichasOP\/pages/404.php' (include_path='.;C:\php\pear') in C:\Users\ludaf\OneDrive\Projetos\FichasOP\index.php:84
Stack trace:
#0 {main}
  thrown in C:\Users\ludaf\OneDrive\Projetos\FichasOP\index.php on line 84
[10-Nov-2024 02:37:16 America/Manaus] PHP Fatal error:  Uncaught Error: Failed opening required 'C:\Users\ludaf\OneDrive\Projetos\FichasOP\/pages/404.php' (include_path='.;C:\php\pear') in C:\Users\ludaf\OneDrive\Projetos\FichasOP\index.php:84
Stack trace:
#0 {main}
  thrown in C:\Users\ludaf\OneDrive\Projetos\FichasOP\index.php on line 84
[10-Nov-2024 02:37:19 America/Manaus] PHP Fatal error:  Uncaught Error: Failed opening required 'C:\Users\ludaf\OneDrive\Projetos\FichasOP\/pages/404.php' (include_path='.;C:\php\pear') in C:\Users\ludaf\OneDrive\Projetos\FichasOP\index.php:84
Stack trace:
#0 {main}
  thrown in C:\Users\ludaf\OneDrive\Projetos\FichasOP\index.php on line 84
[10-Nov-2024 02:37:24 America/Manaus] PHP Fatal error:  Uncaught Error: Failed opening required 'C:\Users\ludaf\OneDrive\Projetos\FichasOP\/pages/404.php' (include_path='.;C:\php\pear') in C:\Users\ludaf\OneDrive\Projetos\FichasOP\index.php:84
Stack trace:
#0 {main}
  thrown in C:\Users\ludaf\OneDrive\Projetos\FichasOP\index.php on line 84
[10-Nov-2024 02:38:17 America/Manaus] PHP Fatal error:  Uncaught Error: Failed opening required 'C:\Users\ludaf\OneDrive\Projetos\FichasOP\/pages/404.php' (include_path='.;C:\php\pear') in C:\Users\ludaf\OneDrive\Projetos\FichasOP\index.php:84
Stack trace:
#0 {main}
  thrown in C:\Users\ludaf\OneDrive\Projetos\FichasOP\index.php on line 84
[10-Nov-2024 02:38:28 America/Manaus] PHP Fatal error:  Uncaught Error: Failed opening required 'C:\Users\ludaf\OneDrive\Projetos\FichasOP\/pages/404.php' (include_path='.;C:\php\pear') in C:\Users\ludaf\OneDrive\Projetos\FichasOP\index.php:84
Stack trace:
#0 {main}
  thrown in C:\Users\ludaf\OneDrive\Projetos\FichasOP\index.php on line 84
[10-Nov-2024 02:49:29 America/Manaus] PHP Fatal error:  Uncaught Error: Failed opening required 'C:\Users\ludaf\OneDrive\Projetos\FichasOP\/pages/404.php' (include_path='.;C:\php\pear') in C:\Users\ludaf\OneDrive\Projetos\FichasOP\index.php:84
Stack trace:
#0 {main}
  thrown in C:\Users\ludaf\OneDrive\Projetos\FichasOP\index.php on line 84
[10-Nov-2024 17:35:21 America/Manaus] PHP Fatal error:  Uncaught Error: Failed opening required 'C:\Users\ludaf\OneDrive\Projetos\FichasOP\/pages/404.php' (include_path='.;C:\php\pear') in C:\Users\ludaf\OneDrive\Projetos\FichasOP\index.php:84
Stack trace:
#0 {main}
  thrown in C:\Users\ludaf\OneDrive\Projetos\FichasOP\index.php on line 84
[10-Nov-2024 17:35:29 America/Manaus] PHP Fatal error:  Uncaught Error: Failed opening required 'C:\Users\ludaf\OneDrive\Projetos\FichasOP\/pages/404.php' (include_path='.;C:\php\pear') in C:\Users\ludaf\OneDrive\Projetos\FichasOP\index.php:84
Stack trace:
#0 {main}
  thrown in C:\Users\ludaf\OneDrive\Projetos\FichasOP\index.php on line 84
[10-Nov-2024 17:35:31 America/Manaus] PHP Fatal error:  Uncaught Error: Failed opening required 'C:\Users\ludaf\OneDrive\Projetos\FichasOP\/pages/404.php' (include_path='.;C:\php\pear') in C:\Users\ludaf\OneDrive\Projetos\FichasOP\index.php:84
Stack trace:
#0 {main}
  thrown in C:\Users\ludaf\OneDrive\Projetos\FichasOP\index.php on line 84
[10-Nov-2024 17:35:35 America/Manaus] PHP Fatal error:  Uncaught Error: Failed opening required 'C:\Users\ludaf\OneDrive\Projetos\FichasOP\/pages/404.php' (include_path='.;C:\php\pear') in C:\Users\ludaf\OneDrive\Projetos\FichasOP\index.php:84
Stack trace:
#0 {main}
  thrown in C:\Users\ludaf\OneDrive\Projetos\FichasOP\index.php on line 84
[10-Nov-2024 17:35:40 America/Manaus] PHP Fatal error:  Uncaught Error: Failed opening required 'C:\Users\ludaf\OneDrive\Projetos\FichasOP\/pages/404.php' (include_path='.;C:\php\pear') in C:\Users\ludaf\OneDrive\Projetos\FichasOP\index.php:84
Stack trace:
#0 {main}
  thrown in C:\Users\ludaf\OneDrive\Projetos\FichasOP\index.php on line 84
[10-Nov-2024 17:35:40 America/Manaus] PHP Fatal error:  Uncaught Error: Failed opening required 'C:\Users\ludaf\OneDrive\Projetos\FichasOP\/pages/404.php' (include_path='.;C:\php\pear') in C:\Users\ludaf\OneDrive\Projetos\FichasOP\index.php:84
Stack trace:
#0 {main}
  thrown in C:\Users\ludaf\OneDrive\Projetos\FichasOP\index.php on line 84
[10-Nov-2024 17:35:42 America/Manaus] PHP Fatal error:  Uncaught Error: Failed opening required 'C:\Users\ludaf\OneDrive\Projetos\FichasOP\/pages/404.php' (include_path='.;C:\php\pear') in C:\Users\ludaf\OneDrive\Projetos\FichasOP\index.php:84
Stack trace:
#0 {main}
  thrown in C:\Users\ludaf\OneDrive\Projetos\FichasOP\index.php on line 84
[10-Nov-2024 17:36:18 America/Manaus] PHP Fatal error:  Uncaught Error: Failed opening required 'C:\Users\ludaf\OneDrive\Projetos\FichasOP\/pages/404.php' (include_path='.;C:\php\pear') in C:\Users\ludaf\OneDrive\Projetos\FichasOP\index.php:84
Stack trace:
#0 {main}
  thrown in C:\Users\ludaf\OneDrive\Projetos\FichasOP\index.php on line 84
[10-Nov-2024 17:36:42 America/Manaus] PHP Fatal error:  Uncaught Error: Failed opening required 'C:\Users\ludaf\OneDrive\Projetos\FichasOP\/pages/404.php' (include_path='.;C:\php\pear') in C:\Users\ludaf\OneDrive\Projetos\FichasOP\index.php:84
Stack trace:
#0 {main}
  thrown in C:\Users\ludaf\OneDrive\Projetos\FichasOP\index.php on line 84
[10-Nov-2024 17:36:42 America/Manaus] PHP Fatal error:  Uncaught Error: Failed opening required 'C:\Users\ludaf\OneDrive\Projetos\FichasOP\/pages/404.php' (include_path='.;C:\php\pear') in C:\Users\ludaf\OneDrive\Projetos\FichasOP\index.php:84
Stack trace:
#0 {main}
  thrown in C:\Users\ludaf\OneDrive\Projetos\FichasOP\index.php on line 84
[10-Nov-2024 17:36:43 America/Manaus] PHP Fatal error:  Uncaught Error: Failed opening required 'C:\Users\ludaf\OneDrive\Projetos\FichasOP\/pages/404.php' (include_path='.;C:\php\pear') in C:\Users\ludaf\OneDrive\Projetos\FichasOP\index.php:84
Stack trace:
#0 {main}
  thrown in C:\Users\ludaf\OneDrive\Projetos\FichasOP\index.php on line 84
[10-Nov-2024 17:37:03 America/Manaus] PHP Fatal error:  Uncaught Error: Failed opening required 'C:\Users\ludaf\OneDrive\Projetos\FichasOP\/pages/404.php' (include_path='.;C:\php\pear') in C:\Users\ludaf\OneDrive\Projetos\FichasOP\index.php:84
Stack trace:
#0 {main}
  thrown in C:\Users\ludaf\OneDrive\Projetos\FichasOP\index.php on line 84
[10-Nov-2024 17:37:06 America/Manaus] PHP Fatal error:  Uncaught Error: Failed opening required 'C:\Users\ludaf\OneDrive\Projetos\FichasOP\/pages/404.php' (include_path='.;C:\php\pear') in C:\Users\ludaf\OneDrive\Projetos\FichasOP\index.php:84
Stack trace:
#0 {main}
  thrown in C:\Users\ludaf\OneDrive\Projetos\FichasOP\index.php on line 84
